"2016-03-22T08:44:53.173Z", "load", "http://deredactie.be/cm/vrtnieuws", ""
"2016-03-22T08:44:58.451Z", "load", "http://deredactie.be/cm/vrtnieuws/binnenland/1.2607910", ""
"2016-03-22T08:45:08.170Z", "load", "http://deredactie.be/cm/vrtnieuws/Livecenter/1.2607821?eid=p1_2607919-e7c71287", ""
"2016-03-22T08:45:17.799Z", "beforeunload", "http://deredactie.be/cm/vrtnieuws", ""
"2016-03-22T08:45:18.599Z", "load", "http://www.standaard.be/", ""
"2016-03-22T08:45:24.177Z", "click", "http://www.standaard.be/", "http://www.standaard.be/cnt/dmf20160322_02196237"
"2016-03-22T08:45:24.183Z", "beforeunload", "http://www.standaard.be/", ""
"2016-03-22T08:45:24.722Z", "load", "http://www.standaard.be/cnt/dmf20160322_02196237", ""
"2016-03-22T08:45:44.234Z", "load", "https://twitter.com/92fmru/status/712183320927444992/photo/1?ref_src=twsrc%5Etfw", ""
"2016-03-22T08:46:01.431Z", "beforeunload", "https://twitter.com/92fmru/status/712183320927444992/photo/1?ref_src=twsrc%5Etfw", ""
"2016-03-22T08:46:05.418Z", "load", "https://twitter.com/92fmru/status/712183320927444992/photo/1?ref_src=twsrc%5Etfw", ""
"2016-03-22T08:46:08.808Z", "polling", "https://twitter.com/92fmru", ""
"2016-03-22T08:46:11.310Z", "polling", "https://twitter.com/92fmru/status/712183320927444992/photo/1?ref_src=twsrc%5Etfw", ""
"2016-03-22T08:46:16.491Z", "beforeunload", "https://twitter.com/92fmru/status/712183320927444992/photo/1?ref_src=twsrc%5Etfw", ""
"2016-03-22T08:46:16.810Z", "polling", "https://twitter.com/92fmru", ""
"2016-03-22T08:46:58.658Z", "beforeunload", "http://deredactie.be/cm/vrtnieuws/binnenland/1.2607910", ""
"2016-03-22T08:47:06.968Z", "beforeunload", "http://deredactie.be/cm/vrtnieuws/Livecenter/1.2607821?eid=p1_2607919-e7c71287", ""
"2016-03-22T08:47:09.359Z", "load", "http://sporza.be/cm/sporza", ""
"2016-03-22T08:47:12.087Z", "load", "https://twitter.com/92fmru/status/712183320927444992/photo/1?ref_src=twsrc%5Etfw", ""
"2016-03-22T08:47:24.523Z", "polling", "https://twitter.com/92fmru", ""
"2016-03-22T08:47:35.242Z", "polling", "https://twitter.com/92fmru/status/712183320927444992/photo/1?ref_src=twsrc%5Etfw", ""
"2016-03-22T08:47:36.711Z", "beforeunload", "https://twitter.com/92fmru/status/712183320927444992/photo/1?ref_src=twsrc%5Etfw", ""
"2016-03-22T08:47:37.024Z", "polling", "https://twitter.com/92fmru", ""
"2016-03-22T08:47:58.463Z", "beforeunload", "http://www.standaard.be/cnt/dmf20160322_02196237", ""
"2016-03-22T08:47:59.125Z", "load", "http://deredactie.be/cm/vrtnieuws", ""
"2016-03-22T08:48:00.695Z", "beforeunload", "http://deredactie.be/cm/vrtnieuws", ""
"2016-03-22T08:48:01.361Z", "load", "http://sporza.be/cm/sporza", ""
"2016-03-22T08:48:16.850Z", "click", "http://sporza.be/cm/sporza", "http://sporza.be/cm/sporza/zaal/basketbal/1.2607523"
"2016-03-22T08:48:16.856Z", "beforeunload", "http://sporza.be/cm/sporza", ""
"2016-03-22T08:48:16.866Z", "click", "http://sporza.be/cm/sporza", "http://sporza.be/cm/sporza/zaal/basketbal/1.2607523"
"2016-03-22T08:48:16.874Z", "beforeunload", "http://sporza.be/cm/sporza", ""
"2016-03-22T08:48:17.641Z", "load", "http://sporza.be/cm/sporza/zaal/basketbal/1.2607523", ""
"2016-03-22T08:48:21.935Z", "beforeunload", "http://sporza.be/cm/sporza/zaal/basketbal/1.2607523", ""
"2016-03-22T08:48:22.737Z", "load", "https://toledo.kuleuven.be/", ""
"2016-03-22T08:48:26.621Z", "click", "https://toledo.kuleuven.be/", "https://toledo.kuleuven.be/portal"
"2016-03-22T08:48:26.628Z", "beforeunload", "https://toledo.kuleuven.be/", ""
"2016-03-22T08:48:26.975Z", "load", "https://toledo.kuleuven.be/portal/", ""
"2016-03-22T08:48:27.571Z", "polling", "https://toledo.kuleuven.be/portal/#/home", ""
"2016-03-22T08:48:31.715Z", "beforeunload", "https://toledo.kuleuven.be/portal/#/home", ""
"2016-03-22T08:48:40.249Z", "beforeunload", "http://sporza.be/cm/sporza", ""
"2016-03-22T08:48:41.375Z", "load", "https://dub123.mail.live.com/default.aspx?id=64855&owa=1&owasuffix=owa%2f", ""
"2016-03-22T08:48:42.252Z", "beforeunload", "https://dub123.mail.live.com/default.aspx?id=64855&owa=1&owasuffix=owa%2f", ""
"2016-03-22T08:48:43.051Z", "load", "http://www.standaard.be/", ""
"2016-03-22T08:48:54.371Z", "click", "http://www.standaard.be/", "http://www.standaard.be/cnt/dmf20160321_02195986"
"2016-03-22T08:48:54.378Z", "beforeunload", "http://www.standaard.be/", ""
"2016-03-22T08:48:55.193Z", "load", "http://www.standaard.be/cnt/dmf20160321_02195986", ""
"2016-03-22T08:49:26.039Z", "click", "http://www.standaard.be/cnt/dmf20160321_02195986", "http://www.standaard.be/"
"2016-03-22T08:49:26.044Z", "beforeunload", "http://www.standaard.be/cnt/dmf20160321_02195986", ""
"2016-03-22T08:49:26.726Z", "load", "http://www.standaard.be/", ""
"2016-03-22T08:49:35.130Z", "click", "http://www.standaard.be/", "http://www.standaard.be/cnt/dmf20160322_02196168"
"2016-03-22T08:49:35.138Z", "beforeunload", "http://www.standaard.be/", ""
"2016-03-22T08:49:35.959Z", "load", "http://www.standaard.be/cnt/dmf20160322_02196168", ""
"2016-03-22T08:50:17.325Z", "beforeunload", "http://www.standaard.be/cnt/dmf20160322_02196168", ""
"2016-03-22T08:50:18.903Z", "load", "https://dub123.mail.live.com/default.aspx?id=64855&owa=1&owasuffix=owa%2f", ""
"2016-03-22T08:50:25.822Z", "beforeunload", "https://dub123.mail.live.com/default.aspx?id=64855&owa=1&owasuffix=owa%2f", ""
"2016-03-22T08:50:26.661Z", "load", "http://sporza.be/cm/sporza", ""
"2016-03-22T08:50:33.476Z", "click", "http://sporza.be/cm/sporza", "http://sporza.be/cm/sporza/voetbal/Rode_Duivels/1.2607882"
"2016-03-22T08:50:33.482Z", "beforeunload", "http://sporza.be/cm/sporza", ""
"2016-03-22T08:50:34.054Z", "load", "http://sporza.be/cm/sporza/voetbal/Rode_Duivels/1.2607882", ""
"2016-03-22T08:50:43.654Z", "beforeunload", "http://sporza.be/cm/sporza/voetbal/Rode_Duivels/1.2607882", ""
"2016-03-22T08:50:44.210Z", "load", "http://sporza.be/cm/sporza", ""
"2016-03-22T08:50:47.116Z", "beforeunload", "http://sporza.be/cm/sporza", ""
"2016-03-22T08:50:48.012Z", "load", "https://dub123.mail.live.com/default.aspx?id=64855&owa=1&owasuffix=owa%2f", ""
"2016-03-22T08:50:49.666Z", "beforeunload", "https://dub123.mail.live.com/default.aspx?id=64855&owa=1&owasuffix=owa%2f", ""
"2016-03-22T08:50:50.005Z", "load", "https://dub123.mail.live.com/mail/plt2.aspx?n=ZJU-4Q2", ""
"2016-03-22T08:50:50.641Z", "load", "http://www.standaard.be/", ""
"2016-03-22T08:50:59.630Z", "click", "http://www.standaard.be/", "http://www.standaard.be/cnt/dmf20160321_02194820"
"2016-03-22T08:50:59.640Z", "beforeunload", "http://www.standaard.be/", ""
"2016-03-22T08:51:00.447Z", "load", "http://www.standaard.be/cnt/dmf20160321_02194820", ""
"2016-03-22T08:51:34.020Z", "beforeunload", "http://www.standaard.be/cnt/dmf20160321_02194820", ""
"2016-03-22T08:51:34.929Z", "load", "https://dub123.mail.live.com/default.aspx?id=64855&owa=1&owasuffix=owa%2f", ""
"2016-03-22T08:51:35.688Z", "beforeunload", "https://dub123.mail.live.com/default.aspx?id=64855&owa=1&owasuffix=owa%2f", ""
"2016-03-22T08:51:37.029Z", "load", "http://www.knack.be/nieuws/", ""
"2016-03-22T08:51:37.843Z", "beforeunload", "http://www.knack.be/nieuws/", ""
"2016-03-22T08:51:38.847Z", "load", "https://www.facebook.com/", ""
"2016-03-22T08:51:40.567Z", "click", "https://www.facebook.com/", "https://www.facebook.com/#"
"2016-03-22T08:51:42.209Z", "click", "https://www.facebook.com/", "https://www.facebook.com/messages/conversation-708766609251043"
"2016-03-22T08:52:38.509Z", "click", "https://www.facebook.com/", "https://www.facebook.com/#"
"2016-03-22T08:52:52.270Z", "beforeunload", "https://www.facebook.com/", ""
"2016-03-22T08:52:53.089Z", "load", "http://www.standaard.be/", ""
"2016-03-22T08:52:54.097Z", "beforeunload", "http://www.standaard.be/", ""
"2016-03-22T08:52:55.190Z", "load", "http://www.knack.be/nieuws/", ""
"2016-03-22T08:53:05.941Z", "beforeunload", "http://www.knack.be/nieuws/", ""
"2016-03-22T08:53:07.678Z", "load", "https://twitter.com/", ""
"2016-03-22T08:53:45.390Z", "load", "http://itinerainstitute.linkis.com/nl/artikel/wakker-worden/CiUQ8", ""
"2016-03-22T08:53:46.680Z", "load", "http://itinerainstitute.linkis.com/nl/artikel/wakker-worden/CiUQ8", ""
"2016-03-22T08:54:33.700Z", "load", "https://m.tijd.be/tablet_newspaper_opinie/Populisme.9746309.art", ""
"2016-03-22T08:55:52.420Z", "click", "http://itinerainstitute.linkis.com/nl/artikel/wakker-worden/CiUQ8", "javascript:void(0);"
"2016-03-22T08:55:53.581Z", "load", "https://api.twitter.com/oauth/authorize?oauth_token=H1qOBgAAAAAAJchFAAABU52Jm08", ""
"2016-03-22T08:55:57.141Z", "beforeunload", "https://api.twitter.com/oauth/authorize?oauth_token=H1qOBgAAAAAAJchFAAABU52Jm08", ""
"2016-03-22T08:56:11.314Z", "beforeunload", "http://itinerainstitute.linkis.com/nl/artikel/wakker-worden/CiUQ8", ""
"2016-03-22T08:56:44.454Z", "beforeunload", "https://m.tijd.be/tablet_newspaper_opinie/Populisme.9746309.art", ""
"2016-03-22T08:56:59.629Z", "click", "https://twitter.com/", "https://twitter.com/hashtag/Zaventem?src=hash"
"2016-03-22T08:57:00.580Z", "polling", "https://twitter.com/hashtag/Zaventem?src=hash", ""
"2016-03-22T08:57:53.268Z", "beforeunload", "http://deredactie.be/cm/vrtnieuws/videozone/livestream/1.449312", ""
"2016-03-22T08:57:54.240Z", "load", "http://deredactie.be/cm/vrtnieuws/videozone/livestream/1.449312", ""
"2016-03-22T08:58:59.601Z", "beforeunload", "https://twitter.com/hashtag/Zaventem?src=hash", ""
"2016-03-22T08:59:00.815Z", "load", "https://www.facebook.com/", ""
"2016-03-22T08:59:02.925Z", "click", "https://www.facebook.com/", "https://www.facebook.com/#"
"2016-03-22T08:59:05.232Z", "click", "https://www.facebook.com/", "https://www.facebook.com/messages/conversation-708766609251043"
"2016-03-22T08:59:25.649Z", "click", "https://www.facebook.com/", "https://www.facebook.com/#"
"2016-03-22T08:59:49.624Z", "beforeunload", "http://deredactie.be/cm/vrtnieuws/videozone/livestream/1.449312", ""
"2016-03-22T08:59:50.836Z", "beforeunload", "https://p.cygnus.cc.kuleuven.be/webapps/blackboard/content/listContent.jsp?course_id=_670696_1&content_id=_15605359_1&mode=reset", ""
"2016-03-22T08:59:55.298Z", "beforeunload", "https://www.facebook.com/", ""
"2016-03-22T08:59:55.966Z", "load", "http://deredactie.be/cm/vrtnieuws", ""
"2016-03-22T09:00:07.779Z", "beforeunload", "http://deredactie.be/cm/vrtnieuws", ""
"2016-03-22T09:00:09.024Z", "load", "https://dub123.mail.live.com/default.aspx?id=64855&owa=1&owasuffix=owa%2f", ""
"2016-03-22T09:00:11.044Z", "beforeunload", "https://dub123.mail.live.com/default.aspx?id=64855&owa=1&owasuffix=owa%2f", ""
"2016-03-22T09:00:12.121Z", "load", "http://www.radio1.be/", ""
"2016-03-22T09:00:19.553Z", "beforeunload", "http://www.radio1.be/", ""
"2016-03-22T09:00:20.649Z", "load", "https://www.facebook.com/", ""
"2016-03-22T09:00:23.596Z", "click", "https://www.facebook.com/", "https://www.facebook.com/#"
"2016-03-22T09:00:25.385Z", "click", "https://www.facebook.com/", "https://www.facebook.com/messages/conversation-708766609251043"
"2016-03-22T09:00:40.286Z", "click", "https://www.facebook.com/", "https://www.facebook.com/#"
"2016-03-22T09:01:01.082Z", "click", "https://www.facebook.com/", "http://www.voetbalprimeur.be/nieuws/647391/.html?utm_source=vpclubsectie&utm_medium=facebookclub&utm_campaign=fbrscanews"
"2016-03-22T09:01:02.192Z", "load", "http://www.voetbalprimeur.be/nieuws/647391/.html?utm_source=vpclubsectie&utm_medium=facebookclub&utm_campaign=fbrscanews", ""
"2016-03-22T09:01:22.430Z", "beforeunload", "http://www.voetbalprimeur.be/nieuws/647391/.html?utm_source=vpclubsectie&utm_medium=facebookclub&utm_campaign=fbrscanews", ""
"2016-03-22T09:01:22.440Z", "beforeunload", "http://www.voetbalprimeur.be/nieuws/647391/.html?utm_source=vpclubsectie&utm_medium=facebookclub&utm_campaign=fbrscanews", ""
"2016-03-22T09:01:22.474Z", "beforeunload", "http://www.voetbalprimeur.be/nieuws/647391/.html?utm_source=vpclubsectie&utm_medium=facebookclub&utm_campaign=fbrscanews", ""
"2016-03-22T09:01:22.482Z", "beforeunload", "http://www.voetbalprimeur.be/nieuws/647391/.html?utm_source=vpclubsectie&utm_medium=facebookclub&utm_campaign=fbrscanews", ""
"2016-03-22T09:01:22.497Z", "beforeunload", "http://www.voetbalprimeur.be/nieuws/647391/.html?utm_source=vpclubsectie&utm_medium=facebookclub&utm_campaign=fbrscanews", ""
"2016-03-22T09:01:22.504Z", "beforeunload", "http://www.voetbalprimeur.be/nieuws/647391/.html?utm_source=vpclubsectie&utm_medium=facebookclub&utm_campaign=fbrscanews", ""
"2016-03-22T09:01:22.514Z", "beforeunload", "http://www.voetbalprimeur.be/nieuws/647391/.html?utm_source=vpclubsectie&utm_medium=facebookclub&utm_campaign=fbrscanews", ""
"2016-03-22T09:01:22.521Z", "beforeunload", "http://www.voetbalprimeur.be/nieuws/647391/.html?utm_source=vpclubsectie&utm_medium=facebookclub&utm_campaign=fbrscanews", ""
"2016-03-22T09:01:22.528Z", "beforeunload", "http://www.voetbalprimeur.be/nieuws/647391/.html?utm_source=vpclubsectie&utm_medium=facebookclub&utm_campaign=fbrscanews", ""
"2016-03-22T09:01:22.539Z", "beforeunload", "http://www.voetbalprimeur.be/nieuws/647391/.html?utm_source=vpclubsectie&utm_medium=facebookclub&utm_campaign=fbrscanews", ""
"2016-03-22T09:01:23.417Z", "load", "https://onderwijsaanbod.kuleuven.be/opleidingen/n/CQ_50268945.htm", ""
"2016-03-22T09:01:25.181Z", "beforeunload", "https://onderwijsaanbod.kuleuven.be/opleidingen/n/CQ_50268945.htm", ""
"2016-03-22T09:01:25.792Z", "load", "http://www.voetbalprimeur.be/", ""
"2016-03-22T09:01:30.653Z", "click", "https://www.facebook.com/", "https://www.facebook.com/#"
"2016-03-22T09:01:32.069Z", "click", "https://www.facebook.com/", "https://www.facebook.com/#"
"2016-03-22T09:01:32.261Z", "polling", "https://www.facebook.com/messages/754932969", ""
"2016-03-22T09:01:55.862Z", "click", "https://www.facebook.com/messages/754932969", "https://www.facebook.com/messages/conversation-708766609251043"
"2016-03-22T09:01:55.923Z", "polling", "https://www.facebook.com/messages/conversation-708766609251043", ""
"2016-03-22T09:01:56.645Z", "click", "https://www.facebook.com/messages/conversation-708766609251043", "https://www.facebook.com/messages/conversation-708766609251043"
"2016-03-22T09:02:16.228Z", "click", "https://www.facebook.com/messages/conversation-708766609251043", ""
"2016-03-22T09:02:19.221Z", "click", "https://www.facebook.com/messages/conversation-708766609251043", ""
"2016-03-22T09:02:20.295Z", "click", "https://www.facebook.com/messages/conversation-708766609251043", "https://www.facebook.com/messages/conversation-708766609251043#"
"2016-03-22T09:02:20.745Z", "polling", "https://www.facebook.com/messages/754932969", ""
"2016-03-22T09:02:38.959Z", "click", "https://www.facebook.com/messages/754932969", "https://www.facebook.com/messages/754932969#"
"2016-03-22T09:03:03.056Z", "load", "http://www.voetbalprimeur.be/nieuws/647503/haalt-real-madrid-twee-rode-duivels-gesprekken-zijn-opgestart-.html", ""
"2016-03-22T09:03:09.042Z", "load", "http://www.voetbalprimeur.be/nieuws/647510/-entourage-hasi-ontkent-geruchten-over-aston-villa-.html", ""
"2016-03-22T09:03:09.573Z", "load", "http://www.voetbalprimeur.be/nieuws/647492/vijf-eersteklassers-moeten-wachten-op-licentie-waaronder-standard.html", ""
"2016-03-22T09:03:22.169Z", "load", "http://www.voetbalprimeur.be/nieuws/647517/na-depoite-weigert-tweede-gentse-basisspeler-contractverlenging.html", ""
"2016-03-22T09:03:23.741Z", "load", "http://www.voetbalprimeur.be/nieuws/647520/-real-wil-zich-verzekeren-van-superster-en-gaat-tot-383-000-euro-per-week-.html", ""
"2016-03-22T09:03:37.533Z", "load", "http://www.voetbalprimeur.be/nieuws/647506/memphis-doet-geheimzinnig-er-zijn-mensen-met-wie-ik-hierover-praat-.html", ""
"2016-03-22T09:03:38.624Z", "load", "http://www.voetbalprimeur.be/nieuws/647499/shakhtar-ziet-in-extremis-af-van-samenwerking-met-belgische-club.html", ""
"2016-03-22T09:03:42.452Z", "load", "http://www.voetbalprimeur.be/nieuws/647500/kv-mechelen-legt-sterkhouder-en-invallersdoelman-eerstdaags-langer-vast.html", ""
"2016-03-22T09:03:44.124Z", "load", "http://www.voetbalprimeur.be/nieuws/647486/gent-leg-1-5-miljoen-euro-op-tafel-voor-eerste-zomeraanwinst.html", ""
"2016-03-22T09:04:00.554Z", "load", "http://www.voetbalprimeur.be/nieuws/647483/badji-neemt-het-op-voor-publiek-normaal-dat-we-bekritiseerd-worden-.html", ""
"2016-03-22T09:04:06.041Z", "load", "http://www.voetbalprimeur.be/nieuws/647478/venanzi-ontvouwt-transferplannen-zal-deze-keer-geen-duiventil-zijn-.html", ""
"2016-03-22T09:04:11.924Z", "load", "http://www.voetbalprimeur.be/nieuws/647474/courtois-steunt-bekritiseerde-collega-logische-selectie-.html", ""
"2016-03-22T09:04:18.485Z", "beforeunload", "http://www.voetbalprimeur.be/", ""
"2016-03-22T09:04:19.872Z", "load", "http://www.voetbalprimeur.be/nieuws/647467/galhardo-van-anderlecht-een-nummer-10-deze-beelden-zeggen-anders.html", ""
"2016-03-22T09:04:33.128Z", "beforeunload", "http://www.voetbalprimeur.be/nieuws/647503/haalt-real-madrid-twee-rode-duivels-gesprekken-zijn-opgestart-.html", ""
"2016-03-22T09:04:38.682Z", "beforeunload", "http://www.voetbalprimeur.be/nieuws/647510/-entourage-hasi-ontkent-geruchten-over-aston-villa-.html", ""
"2016-03-22T09:05:19.934Z", "beforeunload", "http://www.voetbalprimeur.be/nieuws/647492/vijf-eersteklassers-moeten-wachten-op-licentie-waaronder-standard.html", ""
"2016-03-22T09:05:56.316Z", "beforeunload", "http://www.voetbalprimeur.be/nieuws/647517/na-depoite-weigert-tweede-gentse-basisspeler-contractverlenging.html", ""
"2016-03-22T09:06:03.214Z", "load", "https://www.facebook.com/", ""
"2016-03-22T09:06:04.779Z", "beforeunload", "https://www.facebook.com/", ""
"2016-03-22T09:06:05.704Z", "load", "http://deredactie.be/cm/vrtnieuws", ""
"2016-03-22T09:06:22.924Z", "click", "http://deredactie.be/cm/vrtnieuws", "http://deredactie.be/cm/vrtnieuws/videozone/livestream/1.449312"
"2016-03-22T09:06:22.929Z", "beforeunload", "http://deredactie.be/cm/vrtnieuws", ""
"2016-03-22T09:06:25.465Z", "load", "http://deredactie.be/cm/vrtnieuws/videozone/livestream/1.449312", ""
"2016-03-22T09:06:43.976Z", "beforeunload", "http://www.voetbalprimeur.be/nieuws/647520/-real-wil-zich-verzekeren-van-superster-en-gaat-tot-383-000-euro-per-week-.html", ""
"2016-03-22T09:06:59.532Z", "beforeunload", "http://www.voetbalprimeur.be/nieuws/647506/memphis-doet-geheimzinnig-er-zijn-mensen-met-wie-ik-hierover-praat-.html", ""
"2016-03-22T09:07:17.524Z", "beforeunload", "http://www.voetbalprimeur.be/nieuws/647499/shakhtar-ziet-in-extremis-af-van-samenwerking-met-belgische-club.html", ""
"2016-03-22T09:08:15.498Z", "beforeunload", "http://www.voetbalprimeur.be/nieuws/647500/kv-mechelen-legt-sterkhouder-en-invallersdoelman-eerstdaags-langer-vast.html", ""
"2016-03-22T09:08:40.817Z", "beforeunload", "http://www.voetbalprimeur.be/nieuws/647486/gent-leg-1-5-miljoen-euro-op-tafel-voor-eerste-zomeraanwinst.html", ""
"2016-03-22T09:09:04.235Z", "beforeunload", "http://www.voetbalprimeur.be/nieuws/647483/badji-neemt-het-op-voor-publiek-normaal-dat-we-bekritiseerd-worden-.html", ""
"2016-03-22T09:09:18.438Z", "beforeunload", "http://www.voetbalprimeur.be/nieuws/647478/venanzi-ontvouwt-transferplannen-zal-deze-keer-geen-duiventil-zijn-.html", ""
"2016-03-22T09:09:35.171Z", "beforeunload", "http://www.voetbalprimeur.be/nieuws/647474/courtois-steunt-bekritiseerde-collega-logische-selectie-.html", ""
"2016-03-22T09:10:26.752Z", "beforeunload", "http://www.voetbalprimeur.be/nieuws/647467/galhardo-van-anderlecht-een-nummer-10-deze-beelden-zeggen-anders.html", ""
"2016-03-22T09:10:28.255Z", "load", "http://www.knack.be/nieuws/", ""
"2016-03-22T09:10:33.022Z", "beforeunload", "http://www.knack.be/nieuws/", ""
"2016-03-22T09:10:34.011Z", "load", "https://toledo.kuleuven.be/", ""
"2016-03-22T09:10:35.568Z", "click", "https://toledo.kuleuven.be/", "https://toledo.kuleuven.be/portal"
"2016-03-22T09:10:35.581Z", "beforeunload", "https://toledo.kuleuven.be/", ""
"2016-03-22T09:10:35.945Z", "load", "https://toledo.kuleuven.be/portal/", ""
"2016-03-22T09:10:36.499Z", "polling", "https://toledo.kuleuven.be/portal/#/home", ""
"2016-03-22T09:10:54.458Z", "beforeunload", "https://www.facebook.com/messages/754932969", ""
"2016-03-22T09:10:55.601Z", "load", "https://dub123.mail.live.com/default.aspx?id=64855&owa=1&owasuffix=owa%2f", ""
"2016-03-22T09:10:56.511Z", "beforeunload", "https://dub123.mail.live.com/default.aspx?id=64855&owa=1&owasuffix=owa%2f", ""
"2016-03-22T09:10:57.542Z", "load", "http://www.standaard.be/", ""
"2016-03-22T09:11:03.654Z", "beforeunload", "http://www.standaard.be/", ""
"2016-03-22T09:11:04.649Z", "load", "https://www.facebook.com/", ""
"2016-03-22T09:11:11.870Z", "click", "https://www.facebook.com/", "https://www.facebook.com/#"
"2016-03-22T09:11:47.921Z", "click", "https://www.facebook.com/", ""
"2016-03-22T09:11:48.130Z", "click", "https://www.facebook.com/", ""
"2016-03-22T09:12:05.594Z", "load", "http://deredactie.be/cm/vrtnieuws", ""
"2016-03-22T09:12:09.104Z", "beforeunload", "https://toledo.kuleuven.be/portal/#/home", ""
"2016-03-22T09:12:56.099Z", "beforeunload", "http://deredactie.be/cm/vrtnieuws/videozone/livestream/1.449312", ""
"2016-03-22T09:13:08.059Z", "beforeunload", "http://deredactie.be/cm/vrtnieuws", ""
"2016-03-22T09:13:08.584Z", "load", "http://deredactie.be/cm/vrtnieuws", ""
"2016-03-22T09:13:47.845Z", "beforeunload", "http://deredactie.be/cm/vrtnieuws", ""
"2016-03-22T09:13:49.044Z", "load", "http://www.knack.be/nieuws/", ""
"2016-03-22T09:13:52.644Z", "beforeunload", "http://www.knack.be/nieuws/", ""
"2016-03-22T09:13:53.656Z", "load", "https://dub123.mail.live.com/default.aspx?id=64855&owa=1&owasuffix=owa%2f", ""
"2016-03-22T09:13:58.098Z", "beforeunload", "https://dub123.mail.live.com/default.aspx?id=64855&owa=1&owasuffix=owa%2f", ""
"2016-03-22T09:13:58.732Z", "load", "http://deredactie.be/cm/vrtnieuws", ""
"2016-03-22T09:19:26.929Z", "beforeunload", "http://deredactie.be/cm/vrtnieuws", ""
"2016-03-22T09:19:27.453Z", "load", "http://deredactie.be/cm/vrtnieuws", ""
"2016-03-22T09:20:22.637Z", "beforeunload", "http://deredactie.be/cm/vrtnieuws", ""
"2016-03-22T09:20:23.106Z", "load", "http://deredactie.be/cm/vrtnieuws", ""
"2016-03-22T09:20:47.343Z", "beforeunload", "http://deredactie.be/cm/vrtnieuws", ""
"2016-03-22T09:20:48.397Z", "load", "https://www.youtube.com/watch?v=pzJsGK7kig4", ""
"2016-03-22T09:21:28.579Z", "load", "http://deredactie.be/cm/vrtnieuws", ""
"2016-03-22T09:21:46.442Z", "beforeunload", "http://deredactie.be/cm/vrtnieuws", ""
"2016-03-22T09:21:47.724Z", "load", "http://www.knack.be/nieuws/", ""
"2016-03-22T09:21:48.826Z", "beforeunload", "http://www.knack.be/nieuws/", ""
"2016-03-22T09:21:49.739Z", "load", "http://www.standaard.be/", ""
"2016-03-22T09:21:51.185Z", "beforeunload", "http://www.standaard.be/", ""
"2016-03-22T09:21:52.102Z", "load", "http://www.knack.be/nieuws/", ""
"2016-03-22T09:21:56.668Z", "click", "http://www.knack.be/nieuws/", "http://www.knack.be/nieuws/belgie/explosies-luchthaven-zaventem-13-doden-35-gewonden-mivb-bevestigt-aanslag-metrostation-maalbeek/live-normal-681403.html#li-post-26385"
"2016-03-22T09:21:56.727Z", "beforeunload", "http://www.knack.be/nieuws/", ""
"2016-03-22T09:21:58.108Z", "load", "http://www.knack.be/nieuws/belgie/explosies-luchthaven-zaventem-13-doden-35-gewonden-mivb-bevestigt-aanslag-metrostation-maalbeek/live-normal-681403.html#li-post-26385", ""
"2016-03-22T09:22:38.450Z", "beforeunload", "http://www.knack.be/nieuws/belgie/explosies-luchthaven-zaventem-13-doden-35-gewonden-mivb-bevestigt-aanslag-metrostation-maalbeek/live-normal-681403.html#li-post-26385", ""
"2016-03-22T09:22:39.497Z", "load", "https://dub123.mail.live.com/default.aspx?id=64855&owa=1&owasuffix=owa%2f", ""
"2016-03-22T09:22:41.831Z", "beforeunload", "https://dub123.mail.live.com/default.aspx?id=64855&owa=1&owasuffix=owa%2f", ""
"2016-03-22T09:24:18.634Z", "load", "http://deredactie.be/cm/vrtnieuws", ""
"2016-03-22T09:24:50.753Z", "beforeunload", "http://deredactie.be/cm/vrtnieuws", ""
"2016-03-22T09:24:51.598Z", "load", "http://www.standaard.be/", ""
"2016-03-22T09:24:59.243Z", "beforeunload", "http://www.standaard.be/", ""
"2016-03-22T09:25:00.457Z", "load", "http://www.knack.be/nieuws/", ""
"2016-03-22T09:25:11.429Z", "click", "http://www.knack.be/nieuws/", "http://www.knack.be/nieuws/belgie/in-beeld-ravage-op-luchthaven-van-zaventem/diaporama-normal-681425.html"
"2016-03-22T09:25:11.440Z", "beforeunload", "http://www.knack.be/nieuws/", ""
"2016-03-22T09:25:12.305Z", "load", "http://www.knack.be/nieuws/belgie/in-beeld-ravage-op-luchthaven-van-zaventem/diaporama-normal-681425.html", ""
"2016-03-22T09:25:13.840Z", "polling", "http://www.knack.be/nieuws/belgie/in-beeld-ravage-op-luchthaven-van-zaventem/diaporama-normal-681425.html#photo=1", ""
"2016-03-22T09:25:17.302Z", "polling", "http://www.knack.be/nieuws/belgie/in-beeld-ravage-op-luchthaven-van-zaventem/diaporama-normal-681425.html#photo=2", ""
"2016-03-22T09:25:18.303Z", "polling", "http://www.knack.be/nieuws/belgie/in-beeld-ravage-op-luchthaven-van-zaventem/diaporama-normal-681425.html#photo=3", ""
"2016-03-22T09:25:19.303Z", "polling", "http://www.knack.be/nieuws/belgie/in-beeld-ravage-op-luchthaven-van-zaventem/diaporama-normal-681425.html#photo=4", ""
"2016-03-22T09:25:19.888Z", "polling", "http://www.knack.be/nieuws/belgie/in-beeld-ravage-op-luchthaven-van-zaventem/diaporama-normal-681425.html#photo=5", ""
"2016-03-22T09:25:20.804Z", "polling", "http://www.knack.be/nieuws/belgie/in-beeld-ravage-op-luchthaven-van-zaventem/diaporama-normal-681425.html#photo=6", ""
"2016-03-22T09:25:21.341Z", "polling", "http://www.knack.be/nieuws/belgie/in-beeld-ravage-op-luchthaven-van-zaventem/diaporama-normal-681425.html#photo=7", ""
"2016-03-22T09:25:22.302Z", "polling", "http://www.knack.be/nieuws/belgie/in-beeld-ravage-op-luchthaven-van-zaventem/diaporama-normal-681425.html#photo=8", ""
"2016-03-22T09:25:30.848Z", "polling", "http://www.knack.be/nieuws/belgie/in-beeld-ravage-op-luchthaven-van-zaventem/diaporama-normal-681425.html#photo=9", ""
"2016-03-22T09:25:31.804Z", "polling", "http://www.knack.be/nieuws/belgie/in-beeld-ravage-op-luchthaven-van-zaventem/diaporama-normal-681425.html#photo=10", ""
"2016-03-22T09:25:32.858Z", "polling", "http://www.knack.be/nieuws/belgie/in-beeld-ravage-op-luchthaven-van-zaventem/diaporama-normal-681425.html#photo=11", ""
"2016-03-22T09:25:35.803Z", "polling", "http://www.knack.be/nieuws/belgie/in-beeld-ravage-op-luchthaven-van-zaventem/diaporama-normal-681425.html#photo=10", ""
"2016-03-22T09:25:38.808Z", "polling", "http://www.knack.be/nieuws/belgie/in-beeld-ravage-op-luchthaven-van-zaventem/diaporama-normal-681425.html#photo=11", ""
"2016-03-22T09:25:39.803Z", "polling", "http://www.knack.be/nieuws/belgie/in-beeld-ravage-op-luchthaven-van-zaventem/diaporama-normal-681425.html#photo=12", ""
"2016-03-22T09:25:44.819Z", "polling", "http://www.knack.be/nieuws/belgie/in-beeld-ravage-op-luchthaven-van-zaventem/diaporama-normal-681425.html#photo=13", ""
"2016-03-22T09:25:45.802Z", "polling", "http://www.knack.be/nieuws/belgie/in-beeld-ravage-op-luchthaven-van-zaventem/diaporama-normal-681425.html#photo=14", ""
"2016-03-22T09:25:46.876Z", "polling", "http://www.knack.be/nieuws/belgie/in-beeld-ravage-op-luchthaven-van-zaventem/diaporama-normal-681425.html#photo=15", ""
"2016-03-22T09:25:49.802Z", "polling", "http://www.knack.be/nieuws/belgie/in-beeld-ravage-op-luchthaven-van-zaventem/diaporama-normal-681425.html#photo=16", ""
"2016-03-22T09:25:50.317Z", "polling", "http://www.knack.be/nieuws/belgie/in-beeld-ravage-op-luchthaven-van-zaventem/diaporama-normal-681425.html#photo=1", ""
"2016-03-22T09:25:51.803Z", "polling", "http://www.knack.be/nieuws/belgie/in-beeld-ravage-op-luchthaven-van-zaventem/diaporama-normal-681425.html#photo=2", ""
"2016-03-22T09:25:52.303Z", "polling", "http://www.knack.be/nieuws/belgie/in-beeld-ravage-op-luchthaven-van-zaventem/diaporama-normal-681425.html#photo=3", ""
"2016-03-22T09:25:52.851Z", "polling", "http://www.knack.be/nieuws/belgie/in-beeld-ravage-op-luchthaven-van-zaventem/diaporama-normal-681425.html#photo=4", ""
"2016-03-22T09:25:53.809Z", "polling", "http://www.knack.be/nieuws/belgie/in-beeld-ravage-op-luchthaven-van-zaventem/diaporama-normal-681425.html#photo=5", ""
"2016-03-22T09:25:55.803Z", "polling", "http://www.knack.be/nieuws/belgie/in-beeld-ravage-op-luchthaven-van-zaventem/diaporama-normal-681425.html#photo=6", ""
"2016-03-22T09:25:56.803Z", "polling", "http://www.knack.be/nieuws/belgie/in-beeld-ravage-op-luchthaven-van-zaventem/diaporama-normal-681425.html#photo=7", ""
"2016-03-22T09:25:58.938Z", "beforeunload", "http://www.knack.be/nieuws/belgie/in-beeld-ravage-op-luchthaven-van-zaventem/diaporama-normal-681425.html#photo=7", ""
"2016-03-22T09:25:59.986Z", "load", "https://www.facebook.com/", ""
"2016-03-22T09:26:17.987Z", "beforeunload", "https://www.facebook.com/", ""
"2016-03-22T09:26:19.318Z", "load", "http://www.knack.be/nieuws/", ""
"2016-03-22T09:26:27.392Z", "click", "http://www.knack.be/nieuws/", "http://www.knack.be/nieuws/belgie/zaventem-politici-drukken-hun-afschuw-uit/article-normal-681461.html"
"2016-03-22T09:26:27.406Z", "beforeunload", "http://www.knack.be/nieuws/", ""
"2016-03-22T09:26:29.309Z", "load", "http://www.knack.be/nieuws/belgie/zaventem-politici-drukken-hun-afschuw-uit/article-normal-681461.html", ""
"2016-03-22T09:27:06.485Z", "beforeunload", "http://www.knack.be/nieuws/belgie/zaventem-politici-drukken-hun-afschuw-uit/article-normal-681461.html", ""
"2016-03-22T09:27:17.174Z", "beforeunload", "https://www.facebook.com/", ""
"2016-03-22T09:27:18.119Z", "load", "http://www.standaard.be/", ""
"2016-03-22T09:27:23.725Z", "beforeunload", "http://www.standaard.be/", ""
"2016-03-22T09:27:24.499Z", "load", "https://www.facebook.com/", ""
"2016-03-22T09:32:45.269Z", "load", "http://deredactie.be/cm/vrtnieuws", ""
"2016-03-22T09:33:09.396Z", "beforeunload", "http://deredactie.be/cm/vrtnieuws", ""
"2016-03-22T09:33:10.235Z", "load", "http://sporza.be/cm/sporza", ""
"2016-03-22T09:33:23.402Z", "click", "http://sporza.be/cm/sporza", "http://sporza.be/cm/sporza/voetbal/Rode_Duivels/1.2607668"
"2016-03-22T09:33:23.415Z", "beforeunload", "http://sporza.be/cm/sporza", ""
"2016-03-22T09:33:23.985Z", "load", "http://sporza.be/cm/sporza/voetbal/Rode_Duivels/1.2607668", ""
"2016-03-22T09:34:46.192Z", "beforeunload", "http://sporza.be/cm/sporza/voetbal/Rode_Duivels/1.2607668", ""
"2016-03-22T09:34:47.223Z", "load", "http://www.standaard.be/", ""
"2016-03-22T09:34:53.857Z", "beforeunload", "http://www.standaard.be/", ""
"2016-03-22T09:34:54.844Z", "load", "http://sporza.be/cm/sporza", ""
"2016-03-22T09:35:00.101Z", "click", "https://www.facebook.com/", "https://www.facebook.com/#"
"2016-03-22T09:35:02.433Z", "click", "https://www.facebook.com/", "https://www.facebook.com/events/1516687241970639/?acontext=%7B%22ref%22%3A29%2C%22ref_notif_type%22%3A%22event_aggregate%22%2C%22action_history%22%3A%22null%22%7D&ref=notif&notif_t=event_aggregate"
"2016-03-22T09:35:02.609Z", "polling", "https://www.facebook.com/events/1516687241970639/?acontext=%7B%22ref%22%3A29%2C%22ref_notif_type%22%3A%22event_aggregate%22%2C%22action_history%22%3A%22null%22%7D&notif_t=event_aggregate", ""
"2016-03-22T09:35:03.053Z", "polling", "https://www.facebook.com/events/1516687241970639/", ""
"2016-03-22T09:35:18.894Z", "click", "https://www.facebook.com/events/1516687241970639/", "https://www.facebook.com/events/1516687241970639/#"
"2016-03-22T09:35:34.239Z", "click", "https://www.facebook.com/events/1516687241970639/", "https://www.facebook.com/events/1516687241970639/#"
"2016-03-22T09:35:39.816Z", "beforeunload", "https://www.facebook.com/events/1516687241970639/", ""
"2016-03-22T09:35:40.638Z", "load", "http://www.standaard.be/", ""
"2016-03-22T09:35:41.459Z", "beforeunload", "http://www.standaard.be/", ""
"2016-03-22T09:35:42.793Z", "load", "http://www.knack.be/nieuws/", ""
"2016-03-22T09:35:54.868Z", "click", "http://www.knack.be/nieuws/", "http://www.knack.be/nieuws/belgie/explosies-luchthaven-zaventem-13-doden-35-gewonden-mivb-bevestigt-aanslag-metrostation-maalbeek/live-normal-681403.html"
"2016-03-22T09:35:54.887Z", "beforeunload", "http://www.knack.be/nieuws/", ""
"2016-03-22T09:35:56.166Z", "load", "http://www.knack.be/nieuws/belgie/explosies-luchthaven-zaventem-13-doden-35-gewonden-mivb-bevestigt-aanslag-metrostation-maalbeek/live-normal-681403.html", ""
"2016-03-22T09:36:23.919Z", "beforeunload", "http://www.knack.be/nieuws/belgie/explosies-luchthaven-zaventem-13-doden-35-gewonden-mivb-bevestigt-aanslag-metrostation-maalbeek/live-normal-681403.html", ""
"2016-03-22T09:36:24.516Z", "load", "http://www.radio1.be/", ""
"2016-03-22T09:36:25.250Z", "beforeunload", "http://www.radio1.be/", ""
"2016-03-22T09:36:26.475Z", "load", "http://www.standaard.be/", ""
"2016-03-22T09:36:30.751Z", "beforeunload", "http://www.standaard.be/", ""
"2016-03-22T09:36:32.202Z", "load", "https://dub123.mail.live.com/default.aspx?id=64855&owa=1&owasuffix=owa%2f", ""
"2016-03-22T09:36:34.771Z", "beforeunload", "https://dub123.mail.live.com/default.aspx?id=64855&owa=1&owasuffix=owa%2f", ""
"2016-03-22T09:36:35.741Z", "load", "http://www.standaard.be/", ""
"2016-03-22T09:36:36.761Z", "beforeunload", "http://www.standaard.be/", ""
"2016-03-22T09:36:37.410Z", "load", "http://deredactie.be/cm/vrtnieuws", ""
"2016-03-22T09:36:50.024Z", "click", "http://deredactie.be/cm/vrtnieuws", "http://deredactie.be/cm/vrtnieuws/regio/brussel/1.2607885"
"2016-03-22T09:36:50.030Z", "beforeunload", "http://deredactie.be/cm/vrtnieuws", ""
"2016-03-22T09:36:50.521Z", "load", "http://deredactie.be/cm/vrtnieuws/regio/brussel/1.2607885", ""
"2016-03-22T09:36:59.072Z", "beforeunload", "http://deredactie.be/cm/vrtnieuws/regio/brussel/1.2607885", ""
"2016-03-22T09:37:09.133Z", "click", "http://sporza.be/cm/sporza", "http://sporza.be/cm/sporza/ander_nieuws/1.2607952"
"2016-03-22T09:37:09.139Z", "beforeunload", "http://sporza.be/cm/sporza", ""
"2016-03-22T09:37:09.739Z", "load", "http://sporza.be/cm/sporza/ander_nieuws/1.2607952", ""
"2016-03-22T09:37:38.900Z", "beforeunload", "http://sporza.be/cm/sporza/ander_nieuws/1.2607952", ""
"2016-03-22T09:47:57.285Z", "load", "https://www.facebook.com/", ""
"2016-03-22T09:51:31.331Z", "click", "https://www.facebook.com/", "https://www.facebook.com/#"
"2016-03-22T09:52:11.669Z", "beforeunload", "https://www.facebook.com/", ""
"2016-03-22T09:52:12.374Z", "load", "http://deredactie.be/cm/vrtnieuws", ""
"2016-03-22T09:52:32.979Z", "load", "http://deredactie.be/cm/vrtnieuws/Livecenter/1.2607821?eid=p1_2608057-e7c95fad", ""
"2016-03-22T09:52:40.247Z", "click", "http://deredactie.be/cm/vrtnieuws", "http://deredactie.be/cm/vrtnieuws/videozone/programmas/journaal/2.43496?video=1.2608047"
"2016-03-22T09:52:40.251Z", "beforeunload", "http://deredactie.be/cm/vrtnieuws", ""
"2016-03-22T09:52:40.854Z", "load", "http://deredactie.be/cm/vrtnieuws/videozone/programmas/journaal/2.43496?video=1.2608047", ""
"2016-03-22T09:53:18.978Z", "beforeunload", "http://deredactie.be/cm/vrtnieuws/Livecenter/1.2607821?eid=p1_2608057-e7c95fad", ""
"2016-03-22T09:53:20.890Z", "load", "https://www.facebook.com/", ""
"2016-03-22T09:53:24.170Z", "beforeunload", "https://www.facebook.com/", ""
"2016-03-22T09:53:25.151Z", "load", "http://www.standaard.be/", ""
"2016-03-22T09:53:49.350Z", "beforeunload", "http://deredactie.be/cm/vrtnieuws/videozone/programmas/journaal/2.43496?video=1.2608047", ""
"2016-03-22T09:53:54.010Z", "click", "http://www.standaard.be/", "http://www.standaard.be/cnt/dmf20160321_02195062"
"2016-03-22T09:53:54.016Z", "beforeunload", "http://www.standaard.be/", ""
"2016-03-22T09:53:55.082Z", "load", "http://www.standaard.be/cnt/dmf20160321_02195062", ""
"2016-03-22T09:54:12.401Z", "beforeunload", "http://www.standaard.be/cnt/dmf20160321_02195062", ""
"2016-03-22T09:54:22.851Z", "load", "http://deredactie.be/cm/vrtnieuws", ""
"2016-03-22T09:54:27.454Z", "click", "http://deredactie.be/cm/vrtnieuws", "http://deredactie.be/cm/vrtnieuws/regio/brussel/1.2607986"
"2016-03-22T09:54:27.459Z", "beforeunload", "http://deredactie.be/cm/vrtnieuws", ""
"2016-03-22T09:54:27.939Z", "load", "http://deredactie.be/cm/vrtnieuws/regio/brussel/1.2607986", ""
"2016-03-22T09:54:43.190Z", "load", "https://twitter.com/WimDesloovere/status/712201953116332032/photo/1?ref_src=twsrc%5Etfw", ""
"2016-03-22T09:54:44.250Z", "beforeunload", "http://deredactie.be/cm/vrtnieuws/regio/brussel/1.2607986", ""
"2016-03-22T09:54:49.305Z", "beforeunload", "https://twitter.com/WimDesloovere/status/712201953116332032/photo/1?ref_src=twsrc%5Etfw", ""
"2016-03-22T09:54:52.936Z", "load", "https://dub123.mail.live.com/default.aspx?id=64855&owa=1&owasuffix=owa%2f", ""
"2016-03-22T09:54:53.533Z", "beforeunload", "https://dub123.mail.live.com/default.aspx?id=64855&owa=1&owasuffix=owa%2f", ""
"2016-03-22T09:55:07.404Z", "load", "http://olomega.be/news/nieuws.php", ""
"2016-03-22T09:55:41.592Z", "click", "http://olomega.be/news/nieuws.php", "http://foto.olomega.be/#!album-44"
"2016-03-22T09:55:41.596Z", "beforeunload", "http://olomega.be/news/nieuws.php", ""
"2016-03-22T09:55:41.830Z", "load", "http://foto.olomega.be/#!album-44", ""
"2016-03-22T09:55:47.091Z", "click", "http://foto.olomega.be/#!album-44", "http://foto.olomega.be/#!album-44-1"
"2016-03-22T09:55:47.330Z", "polling", "http://foto.olomega.be/#!album-44-1", ""
"2016-03-22T09:55:50.329Z", "polling", "http://foto.olomega.be/#!album-44-2", ""
"2016-03-22T09:55:50.869Z", "polling", "http://foto.olomega.be/#!album-44-6", ""
"2016-03-22T09:55:53.829Z", "polling", "http://foto.olomega.be/#!album-44-2", ""
"2016-03-22T09:55:55.830Z", "polling", "http://foto.olomega.be/#!album-44-6", ""
"2016-03-22T09:55:56.336Z", "polling", "http://foto.olomega.be/#!album-44-7", ""
"2016-03-22T09:55:56.895Z", "polling", "http://foto.olomega.be/#!album-44-8", ""
"2016-03-22T09:55:57.830Z", "polling", "http://foto.olomega.be/#!album-44-9", ""
"2016-03-22T09:55:58.829Z", "polling", "http://foto.olomega.be/#!album-44-10", ""
"2016-03-22T09:55:59.329Z", "polling", "http://foto.olomega.be/#!album-44-11", ""
"2016-03-22T09:55:59.834Z", "polling", "http://foto.olomega.be/#!album-44-13", ""
"2016-03-22T09:56:00.829Z", "polling", "http://foto.olomega.be/#!album-44-12", ""
"2016-03-22T09:56:01.829Z", "polling", "http://foto.olomega.be/#!album-44-14", ""
"2016-03-22T09:56:02.368Z", "polling", "http://foto.olomega.be/#!album-44-15", ""
"2016-03-22T09:56:03.330Z", "polling", "http://foto.olomega.be/#!album-44-16", ""
"2016-03-22T09:56:04.349Z", "polling", "http://foto.olomega.be/#!album-44-18", ""
"2016-03-22T09:56:05.349Z", "polling", "http://foto.olomega.be/#!album-44-17", ""
"2016-03-22T09:56:07.834Z", "polling", "http://foto.olomega.be/#!album-44-19", ""
"2016-03-22T09:56:08.829Z", "polling", "http://foto.olomega.be/#!album-44-20", ""
"2016-03-22T09:56:09.412Z", "polling", "http://foto.olomega.be/#!album-44-21", ""
"2016-03-22T09:56:10.335Z", "polling", "http://foto.olomega.be/#!album-44-22", ""
"2016-03-22T09:56:12.829Z", "polling", "http://foto.olomega.be/#!album-44-21", ""
"2016-03-22T09:56:16.077Z", "beforeunload", "http://foto.olomega.be/#!album-44-21", ""
"2016-03-22T09:56:19.367Z", "load", "https://www.facebook.com/", ""
"2016-03-22T09:56:26.473Z", "click", "https://www.facebook.com/", "http://www.standaard.be/cnt/dmf20160321_02194712?shareId=e4f1d07d11644393362616a9518452645ed491ff84b61486c6c13a4c2babcf1c7fbefd7044d1ddccf5224ea9f8ed4cbe4c590c3c0af4b876a0c0281bf8cd1fda"
"2016-03-22T09:56:27.322Z", "load", "http://www.standaard.be/cnt/dmf20160321_02194712?shareId=e4f1d07d11644393362616a9518452645ed491ff84b61486c6c13a4c2babcf1c7fbefd7044d1ddccf5224ea9f8ed4cbe4c590c3c0af4b876a0c0281bf8cd1fda", ""
"2016-03-22T09:56:39.459Z", "beforeunload", "http://www.standaard.be/cnt/dmf20160321_02194712?shareId=e4f1d07d11644393362616a9518452645ed491ff84b61486c6c13a4c2babcf1c7fbefd7044d1ddccf5224ea9f8ed4cbe4c590c3c0af4b876a0c0281bf8cd1fda", ""
"2016-03-22T09:56:43.201Z", "beforeunload", "https://www.facebook.com/", ""
"2016-03-22T10:03:31.230Z", "load", "https://dub123.mail.live.com/default.aspx?id=64855&owa=1&owasuffix=owa%2f", ""
"2016-03-22T10:03:32.038Z", "beforeunload", "https://dub123.mail.live.com/default.aspx?id=64855&owa=1&owasuffix=owa%2f", ""
"2016-03-22T10:03:32.871Z", "load", "http://www.standaard.be/", ""
"2016-03-22T10:03:40.658Z", "click", "http://www.standaard.be/", "http://www.standaard.be/cnt/dmf20160322_02196260"
"2016-03-22T10:03:40.663Z", "beforeunload", "http://www.standaard.be/", ""
"2016-03-22T10:03:41.181Z", "load", "http://www.standaard.be/cnt/dmf20160322_02196260", ""
"2016-03-22T10:04:19.869Z", "click", "http://www.standaard.be/cnt/dmf20160322_02196260", "http://www.standaard.be/cnt/dmf20160322_02196307"
"2016-03-22T10:04:19.875Z", "beforeunload", "http://www.standaard.be/cnt/dmf20160322_02196260", ""
"2016-03-22T10:04:20.327Z", "load", "http://www.standaard.be/cnt/dmf20160322_02196307", ""
"2016-03-22T10:04:30.647Z", "beforeunload", "http://www.standaard.be/cnt/dmf20160322_02196307", ""
"2016-03-22T10:04:32.340Z", "load", "https://www.facebook.com/", ""
"2016-03-22T10:04:36.500Z", "beforeunload", "https://www.facebook.com/", ""
"2016-03-22T10:04:37.207Z", "load", "http://deredactie.be/cm/vrtnieuws", ""
"2016-03-22T10:04:50.391Z", "click", "http://deredactie.be/cm/vrtnieuws", "http://deredactie.be/cm/vrtnieuws/2.43497/1.2608073"
"2016-03-22T10:04:50.397Z", "beforeunload", "http://deredactie.be/cm/vrtnieuws", ""
"2016-03-22T10:04:50.764Z", "load", "http://deredactie.be/cm/vrtnieuws/2.43497/1.2608073", ""
"2016-03-22T10:04:57.923Z", "click", "http://deredactie.be/cm/vrtnieuws/2.43497/1.2608073", "http://deredactie.be/cm/vrtnieuws/2.43497/1.2608073"
"2016-03-22T10:04:57.930Z", "beforeunload", "http://deredactie.be/cm/vrtnieuws/2.43497/1.2608073", ""
"2016-03-22T10:04:58.264Z", "load", "http://deredactie.be/cm/vrtnieuws/2.43497/1.2608073", ""
"2016-03-22T10:05:01.673Z", "beforeunload", "http://deredactie.be/cm/vrtnieuws/2.43497/1.2608073", ""
"2016-03-22T10:05:02.816Z", "load", "https://dub123.mail.live.com/default.aspx?id=64855&owa=1&owasuffix=owa%2f", ""
"2016-03-22T10:05:04.366Z", "beforeunload", "https://dub123.mail.live.com/default.aspx?id=64855&owa=1&owasuffix=owa%2f", ""
"2016-03-22T10:05:05.732Z", "load", "http://sporza.be/cm/sporza", ""
"2016-03-22T10:05:11.865Z", "click", "http://sporza.be/cm/sporza", "http://sporza.be/cm/sporza/voetbal/buitenland/Spanje/1.2607789"
"2016-03-22T10:05:11.871Z", "beforeunload", "http://sporza.be/cm/sporza", ""
"2016-03-22T10:05:12.353Z", "load", "http://sporza.be/cm/sporza/voetbal/buitenland/Spanje/1.2607789", ""
"2016-03-22T10:05:45.005Z", "beforeunload", "http://sporza.be/cm/sporza/voetbal/buitenland/Spanje/1.2607789", ""
"2016-03-22T10:05:46.262Z", "load", "http://www.knack.be/nieuws/", ""
"2016-03-22T10:06:04.928Z", "click", "http://www.knack.be/nieuws/", "http://www.knack.be/nieuws/belgie/zwartste-dag-in-geschiedenis-van-ons-land-sinds-tweede-wereldoorlog-bart-de-wever/article-normal-681481.html"
"2016-03-22T10:06:04.941Z", "beforeunload", "http://www.knack.be/nieuws/", ""
"2016-03-22T10:06:05.854Z", "load", "http://www.knack.be/nieuws/belgie/zwartste-dag-in-geschiedenis-van-ons-land-sinds-tweede-wereldoorlog-bart-de-wever/article-normal-681481.html", ""
"2016-03-22T10:06:24.311Z", "beforeunload", "http://www.knack.be/nieuws/belgie/zwartste-dag-in-geschiedenis-van-ons-land-sinds-tweede-wereldoorlog-bart-de-wever/article-normal-681481.html", ""
"2016-03-22T10:06:25.355Z", "load", "http://www.knack.be/nieuws/", ""
"2016-03-22T10:06:27.849Z", "beforeunload", "http://www.knack.be/nieuws/", ""
"2016-03-22T10:06:28.946Z", "load", "https://toledo.kuleuven.be/", ""
"2016-03-22T10:06:30.518Z", "click", "https://toledo.kuleuven.be/", "https://toledo.kuleuven.be/portal"
"2016-03-22T10:06:30.530Z", "beforeunload", "https://toledo.kuleuven.be/", ""
"2016-03-22T10:06:30.916Z", "load", "https://toledo.kuleuven.be/portal/", ""
"2016-03-22T10:06:31.433Z", "polling", "https://toledo.kuleuven.be/portal/#/home", ""
"2016-03-22T10:06:35.233Z", "beforeunload", "https://toledo.kuleuven.be/portal/#/home", ""
"2016-03-22T10:06:36.701Z", "load", "https://dub123.mail.live.com/default.aspx?id=64855&owa=1&owasuffix=owa%2f", ""
"2016-03-22T10:06:37.290Z", "beforeunload", "https://dub123.mail.live.com/default.aspx?id=64855&owa=1&owasuffix=owa%2f", ""
"2016-03-22T10:06:37.847Z", "load", "https://people.cs.kuleuven.be/~btw/roosters1516/cws_semester_2.html", ""
"2016-03-22T10:06:48.948Z", "beforeunload", "https://people.cs.kuleuven.be/~btw/roosters1516/cws_semester_2.html", ""
"2016-03-22T10:06:49.962Z", "load", "https://dub123.mail.live.com/default.aspx?id=64855&owa=1&owasuffix=owa%2f", ""
"2016-03-22T10:06:52.100Z", "beforeunload", "https://dub123.mail.live.com/default.aspx?id=64855&owa=1&owasuffix=owa%2f", ""
"2016-03-22T10:06:53.004Z", "load", "http://deredactie.be/cm/vrtnieuws", ""
"2016-03-22T10:07:07.314Z", "beforeunload", "http://deredactie.be/cm/vrtnieuws", ""
"2016-03-22T10:07:08.194Z", "load", "http://www.standaard.be/", ""
"2016-03-22T10:07:09.327Z", "beforeunload", "http://www.standaard.be/", ""
"2016-03-22T10:07:10.509Z", "load", "https://toledo.kuleuven.be/", ""
"2016-03-22T10:07:11.653Z", "click", "https://toledo.kuleuven.be/", "https://toledo.kuleuven.be/portal"
"2016-03-22T10:07:11.661Z", "beforeunload", "https://toledo.kuleuven.be/", ""
"2016-03-22T10:07:12.059Z", "load", "https://toledo.kuleuven.be/portal/", ""
"2016-03-22T10:07:12.583Z", "polling", "https://toledo.kuleuven.be/portal/#/home", ""
"2016-03-22T10:07:16.011Z", "click", "https://toledo.kuleuven.be/portal/#/home", "https://toledo.kuleuven.be/portal/"
"2016-03-22T10:07:17.590Z", "click", "https://toledo.kuleuven.be/portal/#/home", "https://toledo.kuleuven.be/portal/"
"2016-03-22T10:07:20.834Z", "click", "https://toledo.kuleuven.be/portal/#/home", "https://toledo.kuleuven.be/portal/"
"2016-03-22T10:07:28.484Z", "beforeunload", "https://toledo.kuleuven.be/portal/#/home", ""
"2016-03-22T10:14:22.635Z", "load", "https://www.facebook.com/", ""
"2016-03-22T10:14:48.439Z", "beforeunload", "https://www.facebook.com/", ""
"2016-03-22T10:14:49.203Z", "load", "http://sporza.be/cm/sporza", ""
"2016-03-22T10:14:55.215Z", "beforeunload", "http://sporza.be/cm/sporza", ""
"2016-03-22T10:14:55.925Z", "load", "http://deredactie.be/cm/vrtnieuws", ""
"2016-03-22T10:15:14.591Z", "click", "http://deredactie.be/cm/vrtnieuws", "http://deredactie.be/cm/vrtnieuws/videozone/programmas/journaal/2.43496?video=1.2608108"
"2016-03-22T10:15:14.597Z", "beforeunload", "http://deredactie.be/cm/vrtnieuws", ""
"2016-03-22T10:15:15.141Z", "load", "http://deredactie.be/cm/vrtnieuws/videozone/programmas/journaal/2.43496?video=1.2608108", ""
"2016-03-22T10:16:04.299Z", "load", "https://www.facebook.com/", ""
"2016-03-22T10:16:14.589Z", "beforeunload", "https://www.facebook.com/", ""
"2016-03-22T10:16:15.692Z", "load", "https://toledo.kuleuven.be/", ""
"2016-03-22T10:16:17.313Z", "beforeunload", "https://toledo.kuleuven.be/", ""
"2016-03-22T10:16:18.842Z", "load", "http://www.knack.be/nieuws/", ""
"2016-03-22T10:18:17.752Z", "beforeunload", "http://www.knack.be/nieuws/", ""
"2016-03-22T10:18:18.395Z", "load", "http://deredactie.be/cm/vrtnieuws", ""
"2016-03-22T10:18:19.638Z", "beforeunload", "http://deredactie.be/cm/vrtnieuws", ""
"2016-03-22T10:18:22.537Z", "load", "http://www.knack.be/nieuws/", ""
"2016-03-22T10:18:30.640Z", "click", "http://www.knack.be/nieuws/", "http://focus.knack.be/entertainment/muziek/triggerfinger-was-op-zaventem-door-het-oog-van-de-naald-gekropen/article-normal-681477.html"
"2016-03-22T10:18:30.651Z", "beforeunload", "http://www.knack.be/nieuws/", ""
"2016-03-22T10:18:31.925Z", "load", "http://focus.knack.be/entertainment/muziek/triggerfinger-was-op-zaventem-door-het-oog-van-de-naald-gekropen/article-normal-681477.html", ""
"2016-03-22T10:19:05.279Z", "beforeunload", "http://focus.knack.be/entertainment/muziek/triggerfinger-was-op-zaventem-door-het-oog-van-de-naald-gekropen/article-normal-681477.html", ""
"2016-03-22T10:19:06.387Z", "load", "http://www.standaard.be/", ""
"2016-03-22T10:19:08.706Z", "beforeunload", "http://www.standaard.be/", ""
"2016-03-22T10:19:09.850Z", "load", "https://dub123.mail.live.com/default.aspx?id=64855&owa=1&owasuffix=owa%2f", ""
"2016-03-22T10:19:10.650Z", "beforeunload", "https://dub123.mail.live.com/default.aspx?id=64855&owa=1&owasuffix=owa%2f", ""
"2016-03-22T10:19:11.509Z", "load", "http://deredactie.be/cm/vrtnieuws", ""
"2016-03-22T10:19:12.998Z", "beforeunload", "http://deredactie.be/cm/vrtnieuws", ""
"2016-03-22T10:19:13.790Z", "load", "http://sporza.be/cm/sporza", ""
"2016-03-22T10:19:18.034Z", "beforeunload", "http://sporza.be/cm/sporza", ""
"2016-03-22T10:19:20.707Z", "beforeunload", "http://deredactie.be/cm/vrtnieuws/videozone/programmas/journaal/2.43496?video=1.2608108", ""
"2016-03-22T10:19:21.828Z", "load", "http://www.standaard.be/", ""
"2016-03-22T10:19:34.200Z", "beforeunload", "http://www.standaard.be/", ""
"2016-03-22T10:19:34.878Z", "load", "https://www.google.com/search?q=don%27t+fear+the+reaper&ie=utf-8&oe=utf-8", ""
"2016-03-22T10:19:41.212Z", "click", "https://www.google.com/search?q=don%27t+fear+the+reaper&ie=utf-8&oe=utf-8", "https://www.google.com/url?sa=t&rct=j&q=&esrc=s&source=web&cd=1&ved=0ahUKEwiS7cnmiNTLAhXCqA4KHXi7AE8Q3ywIHjAA&url=https%3A%2F%2Fwww.youtube.com%2Fwatch%3Fv%3DcMYSWiPm7E0&usg=AFQjCNGukA347dr74lfS76Zik6CjsZ52BA&sig2=GPewU52tnMUzHIBR3YOt7A"
"2016-03-22T10:19:41.311Z", "beforeunload", "https://www.google.com/search?q=don%27t+fear+the+reaper&ie=utf-8&oe=utf-8", ""
"2016-03-22T10:19:42.214Z", "load", "https://www.youtube.com/watch?v=cMYSWiPm7E0", ""
"2016-03-22T10:20:10.939Z", "load", "https://www.facebook.com/", ""
"2016-03-22T10:20:12.996Z", "click", "https://www.facebook.com/", ""
"2016-03-22T10:20:13.235Z", "click", "https://www.facebook.com/", ""
"2016-03-22T10:20:15.752Z", "click", "https://www.facebook.com/", "https://vimeo.com/55624839"
"2016-03-22T10:20:17.082Z", "load", "https://vimeo.com/55624839", ""
"2016-03-22T10:20:48.667Z", "load", "https://www.google.com/search?q=bruce+thinkingson&ie=utf-8&oe=utf-8", ""
"2016-03-22T10:21:06.565Z", "polling", "https://www.google.com/search?q=bruce+thinkingson&ie=utf-8&oe=utf-8#q=bruce+dickinson", ""
"2016-03-22T10:21:08.147Z", "click", "https://www.google.com/search?q=bruce+thinkingson&ie=utf-8&oe=utf-8#q=bruce+dickinson", "https://www.google.com/url?sa=t&rct=j&q=&esrc=s&source=web&cd=1&sqi=2&ved=0ahUKEwi0osqQidTLAhUDWRQKHfmEBvYQFggcMAA&url=https%3A%2F%2Fen.wikipedia.org%2Fwiki%2FBruce_Dickinson&usg=AFQjCNG2d8ztjjF6jlCv7lqng7OtXEitYQ&sig2=6HwdQ0VyMisoajci1oEdNw&bvm=bv.117218890,d.ZWU"
"2016-03-22T10:21:08.308Z", "beforeunload", "https://www.google.com/search?q=bruce+thinkingson&ie=utf-8&oe=utf-8#q=bruce+dickinson", ""
"2016-03-22T10:21:09.649Z", "load", "https://en.wikipedia.org/wiki/Bruce_Dickinson", ""
"2016-03-22T10:23:29.017Z", "beforeunload", "https://en.wikipedia.org/wiki/Bruce_Dickinson", ""
"2016-03-22T10:23:29.268Z", "load", "https://www.google.com/search?q=bruce+thinkingson&ie=utf-8&oe=utf-8#q=bruce+dickinson", ""
"2016-03-22T10:24:21.757Z", "click", "https://www.google.com/search?q=bruce+thinkingson&ie=utf-8&oe=utf-8#q=bruce+dickinson", "https://www.google.com/search?q=bruce+dickinson&biw=1538&bih=805&source=lnms&tbm=isch&sa=X&sqi=2&ved=0ahUKEwi0osqQidTLAhUDWRQKHfmEBvYQ_AUIBigB"
"2016-03-22T10:24:21.764Z", "beforeunload", "https://www.google.com/search?q=bruce+thinkingson&ie=utf-8&oe=utf-8#q=bruce+dickinson", ""
"2016-03-22T10:24:22.417Z", "load", "https://www.google.com/search?q=bruce+dickinson&biw=1538&bih=805&source=lnms&tbm=isch&sa=X&sqi=2&ved=0ahUKEwi0osqQidTLAhUDWRQKHfmEBvYQ_AUIBigB", ""
"2016-03-22T10:24:37.412Z", "polling", "https://www.google.com/search?q=bruce+dickinson&biw=1538&bih=805&source=lnms&tbm=isch&sa=X&sqi=2&ved=0ahUKEwi0osqQidTLAhUDWRQKHfmEBvYQ_AUIBigB#tbm=isch&q=bruce+dickinson+don%27t+fear+the+reaper", ""
"2016-03-22T10:24:59.989Z", "click", "https://www.google.com/search?q=bruce+dickinson&biw=1538&bih=805&source=lnms&tbm=isch&sa=X&sqi=2&ved=0ahUKEwi0osqQidTLAhUDWRQKHfmEBvYQ_AUIBigB#tbm=isch&q=bruce+dickinson+don%27t+fear+the+reaper", "https://www.google.com/search?q=bruce+dickinson+don%27t+fear+the+reaper&biw=1538&bih=805&source=lnms&sa=X&ved=0ahUKEwj9yYn3idTLAhVImg4KHaelApMQ_AUIBSgA"
"2016-03-22T10:24:59.998Z", "beforeunload", "https://www.google.com/search?q=bruce+dickinson&biw=1538&bih=805&source=lnms&tbm=isch&sa=X&sqi=2&ved=0ahUKEwi0osqQidTLAhUDWRQKHfmEBvYQ_AUIBigB#tbm=isch&q=bruce+dickinson+don%27t+fear+the+reaper", ""
"2016-03-22T10:25:00.613Z", "load", "https://www.google.com/search?q=bruce+dickinson+don%27t+fear+the+reaper&biw=1538&bih=805&source=lnms&sa=X&ved=0ahUKEwj9yYn3idTLAhVImg4KHaelApMQ_AUIBSgA&dpr=1", ""
"2016-03-22T10:25:05.294Z", "click", "https://www.google.com/search?q=bruce+dickinson+don%27t+fear+the+reaper&biw=1538&bih=805&source=lnms&sa=X&ved=0ahUKEwj9yYn3idTLAhVImg4KHaelApMQ_AUIBSgA&dpr=1", "https://www.google.com/url?sa=t&rct=j&q=&esrc=s&source=web&cd=1&ved=0ahUKEwibtPaBitTLAhUGjw8KHZ4OD70QFggdMAA&url=https%3A%2F%2Fen.wikipedia.org%2Fwiki%2FMore_cowbell&usg=AFQjCNFvJHJZkp5XizcuufDjvvnf4xrN3g&sig2=cndmR9cbgCvkWGSVApIl8Q"
"2016-03-22T10:25:05.396Z", "beforeunload", "https://www.google.com/search?q=bruce+dickinson+don%27t+fear+the+reaper&biw=1538&bih=805&source=lnms&sa=X&ved=0ahUKEwj9yYn3idTLAhVImg4KHaelApMQ_AUIBSgA&dpr=1", ""
"2016-03-22T10:25:05.883Z", "load", "https://en.wikipedia.org/wiki/More_cowbell", ""
"2016-03-22T10:28:24.671Z", "beforeunload", "https://vimeo.com/55624839", ""
"2016-03-22T10:28:49.277Z", "click", "https://en.wikipedia.org/wiki/More_cowbell", "https://en.wikipedia.org/wiki/Chris_Parnell"
"2016-03-22T10:28:49.283Z", "beforeunload", "https://en.wikipedia.org/wiki/More_cowbell", ""
"2016-03-22T10:28:49.699Z", "load", "https://en.wikipedia.org/wiki/Chris_Parnell", ""
"2016-03-22T10:28:55.699Z", "beforeunload", "https://en.wikipedia.org/wiki/Chris_Parnell", ""
"2016-03-22T10:28:56.863Z", "load", "http://www.standaard.be/", ""
"2016-03-22T10:29:09.604Z", "beforeunload", "http://www.standaard.be/", ""
"2016-03-22T10:29:11.646Z", "load", "https://dub123.mail.live.com/default.aspx?id=64855&owa=1&owasuffix=owa%2f", ""
"2016-03-22T10:29:12.437Z", "beforeunload", "https://dub123.mail.live.com/default.aspx?id=64855&owa=1&owasuffix=owa%2f", ""
"2016-03-22T10:29:12.845Z", "load", "https://people.directory.live.com/xmlProxy.htm?vn=9.090519.0&domain=live.com", ""
"2016-03-22T10:29:13.342Z", "load", "http://deredactie.be/cm/vrtnieuws", ""
"2016-03-22T10:29:48.762Z", "beforeunload", "http://deredactie.be/cm/vrtnieuws", ""
"2016-03-22T10:29:50.277Z", "load", "http://www.knack.be/nieuws/", ""
"2016-03-22T10:29:56.171Z", "beforeunload", "http://www.knack.be/nieuws/", ""
"2016-03-22T10:29:57.163Z", "load", "http://www.standaard.be/", ""
"2016-03-22T10:30:03.384Z", "beforeunload", "http://www.standaard.be/", ""
"2016-03-22T10:30:06.666Z", "click", "https://www.facebook.com/", "https://www.facebook.com/#"
"2016-03-22T10:30:23.353Z", "beforeunload", "https://www.facebook.com/", ""
"2016-03-22T10:30:26.493Z", "load", "https://dub123.mail.live.com/default.aspx?id=64855&owa=1&owasuffix=owa%2f", ""
"2016-03-22T10:30:32.517Z", "beforeunload", "https://dub123.mail.live.com/default.aspx?id=64855&owa=1&owasuffix=owa%2f", ""
"2016-03-22T10:30:35.430Z", "load", "http://www.voetbalprimeur.be/", ""
"2016-03-22T10:30:42.878Z", "load", "http://www.voetbalprimeur.be/nieuws/647539/nog-meer-slecht-nieuws-populair-anderlecht-icoon-is-overleden.html", ""
"2016-03-22T10:30:49.864Z", "load", "http://www.voetbalprimeur.be/media/647543/onpasseerbare-navas-haalt-trucjes-uit-bij-penalty-en-blijkt-onpasseerbaar.html", ""
"2016-03-22T10:30:54.848Z", "click", "http://www.voetbalprimeur.be/", "http://www.voetbalprimeur.be/nieuws/647533/ceulemans-is-keihard-voor-club-brugge-club-heeft-een-probleem-.html"
"2016-03-22T10:30:54.860Z", "beforeunload", "http://www.voetbalprimeur.be/", ""
"2016-03-22T10:30:55.449Z", "load", "http://www.voetbalprimeur.be/nieuws/647533/ceulemans-is-keihard-voor-club-brugge-club-heeft-een-probleem-.html", ""
"2016-03-22T10:30:58.754Z", "load", "http://www.voetbalprimeur.be/nieuws/647537/belgische-voetballers-geschokt-na-aanslagen-ik-ben-die-barbaren-beu-.html", ""
"2016-03-22T10:31:59.177Z", "beforeunload", "http://www.voetbalprimeur.be/media/647543/onpasseerbare-navas-haalt-trucjes-uit-bij-penalty-en-blijkt-onpasseerbaar.html", ""
"2016-03-22T10:32:06.969Z", "beforeunload", "http://www.voetbalprimeur.be/nieuws/647537/belgische-voetballers-geschokt-na-aanslagen-ik-ben-die-barbaren-beu-.html", ""
"2016-03-22T10:32:25.337Z", "beforeunload", "http://www.voetbalprimeur.be/nieuws/647539/nog-meer-slecht-nieuws-populair-anderlecht-icoon-is-overleden.html", ""
"2016-03-22T10:32:25.503Z", "polling", "https://www.youtube.com/watch?v=SSR6ZzjDZ94", ""
"2016-03-22T10:32:41.258Z", "beforeunload", "http://www.voetbalprimeur.be/nieuws/647533/ceulemans-is-keihard-voor-club-brugge-club-heeft-een-probleem-.html", ""