www.nieuwsblad.be,1.0
www.nieuwsblad.be/regio/startgemeente,1.0
www.reddit.com/r/ProgrammerHumor,1.0
webdiplomacy.net,1.0
webdiplomacy.net,1.0
www.reddit.com/r/recruitinghell,1.0
webdiplomacy.net,1.0
webdiplomacy.net,1.0
www.reddit.com/r/photoshopbattles,1.0
webdiplomacy.net,1.0
webdiplomacy.net,1.0
webdiplomacy.net,1.0
webdiplomacy.net,1.0
www.reddit.com/me/m/all_subs,1.0
www.reddit.com/r/ProgrammerHumor,1.0
www.reddit.com/r/recruitinghell,1.0
www.reddit.com/r/photoshopbattles,1.0
www.reddit.com/r/photoshopbattles/comments/488v5v/psbattle_dicaprio_gets_an_oscar_for_best_actor,1.0
www.nieuwsblad.be,1.0
webdiplomacy.net,1.0
webdiplomacy.net,1.0
webdiplomacy.net,1.0
webdiplomacy.net,1.0
webdiplomacy.net,1.0
webdiplomacy.net,1.0
www.reddit.com/r/recruitinghell,1.0
www.reddit.com/r/ProgrammerHumor/comments/483tvl/source_code_is_important,1.0
webdiplomacy.net,1.0
webdiplomacy.net,1.0
webdiplomacy.net,1.0
stackoverflow.com,1.0
stackoverflow.com/questions/35701337/java-8-lambda-get-and-remove-element-from-list,1.0
stackoverflow.com,1.0
www.overleaf.com,1.0
www.overleaf.com/benefits,1.0
www.overleaf.com/plans,1.0
www.overleaf.com/plans,1.0
www.overleaf.com/plans,1.0
www.overleaf.com/latex/templates,1.0
www.overleaf.com,1.0
www.overleaf.com/latex/templates,1.0
www.overleaf.com/latex/templates,1.0
www.overleaf.com/gallery/tagged/academic-journal,1.0
www.overleaf.com/latex/templates/springer-lecture-notes-in-computer-science/kzwwpvhwnvfj,1.0
webdiplomacy.net,1.0
webdiplomacy.net,1.0
webdiplomacy.net,1.0
webdiplomacy.net,1.0
webdiplomacy.net,1.0
webdiplomacy.net,1.0
webdiplomacy.net,1.0
webdiplomacy.net,1.0
webdiplomacy.net,1.0
www.google.be,2.0
www.google.be,2.0
trademark-info.net,2.0
uk.businessinsider.com,2.0
uk.businessinsider.com/strategy,2.0
uk.businessinsider.com/ceo-calls-his-mom-every-day-2016-2555,2.0
uk.businessinsider.com/mercer-2016-quality-of-living-worldwide-city-rankings-2016-2,2.0
uk.businessinsider.com,2.0
uk.businessinsider.com,2.0
uk.businessinsider.com/tech,2.0
uk.businessinsider.com,2.0
uk.businessinsider.com/tech,2.0
uk.businessinsider.com/google-just-took-a-much-clearer-stance-on-banning-ad-blocking-apps-but-ad-blocking-browsers-are-still-ok-2016-3,2.0
www.google.be,2.0
uk.businessinsider.com,2.0
uk.businessinsider.com/tech,2.0
uk.businessinsider.com/facebook-is-going-to-pay-a-lot-more-tax-in-the-uk-2016-3,2.0
uk.businessinsider.com/tech,2.0
www.google.be,2.0
www.google.be,2.0
nl.wikipedia.org/wiki/IT_service_management,2.0
weather.com/search,2.0
uk.businessinsider.com,2.0
uk.businessinsider.com/tech,2.0
uk.businessinsider.com/uber-shares-data-on-sexual-assult-complaints-2016-3,2.0
uk.businessinsider.com/tech,2.0
uk.businessinsider.com/seagate-has-fallen-victim-to-the-email-scam-that-tricked-snapchat-2016-3,2.0
uk.businessinsider.com/life,2.0
uk.businessinsider.com/is-it-better-to-wake-up-early-in-business-2016-2,2.0
uk.businessinsider.com/is-it-better-to-wake-up-early-in-business-2016-2,2.0
uk.businessinsider.com/category/10-most-important-things-in-the-world,2.0
uk.businessinsider.com/category/10-most-important-things-in-the-world,2.0
uk.businessinsider.com,2.0
www.conacyt.mx,2.0
www.conacyt.mx/index.php/becas-y-posgrados/becas-en-el-extranjero,2.0
www.conacyt.mx/index.php/avisos-becas-extranjero,2.0
www.google.be,2.0
uk.businessinsider.com,2.0
uk.businessinsider.com/tech,2.0
weather.com/search,2.0
weather.com/search,2.0
uk.businessinsider.com,2.0
uk.businessinsider.com/tech,2.0
www.cedarpoint.com,3.0
www.cedarpoint.com/online-fun,3.0
www.cedarpoint.com/online-fun/live-video-cam,3.0
www.cedarpoint.com,3.0
www.cedarpoint.com/online-fun,3.0
www.radio1.be,3.0
www.radio1.be/programmas/overzicht,3.0
www.radio1.be,3.0
www.radio1.be/programmas/overzicht,3.0
www.nationale-loterij.be/nl,3.0
www.nationale-loterij.be/nl/onze-spelen,3.0
www.nationale-loterij.be/nl,3.0
www.nationale-loterij.be/nl/onze-spelen,3.0
sporza.be/cm/sporza,3.0
sporza.be/cm/sporza/tennis,3.0
sporza.be/cm/sporza,3.0
sporza.be/cm/sporza/tennis,3.0
sporza.be/cm/sporza,3.0
sporza.be/cm/sporza/tennis,3.0
www.hbvl.be,3.0
www.hbvl.be/tot-uw-dienst/ik-ben-abonnee,3.0
www.hbvl.be,3.0
www.hbvl.be,3.0
www.hbvl.be/tot-uw-dienst/ik-ben-abonnee,3.0
tweakers.net,3.0
tweakers.net/pricewatch,3.0
tweakers.net,3.0
tweakers.net/pricewatch,3.0
tweakers.net/categorie/496/laptops/producten,3.0
tweakers.net/pricewatch,3.0
www.cedarpoint.com,3.0
www.cedarpoint.com/online-fun,3.0
www.cedarpoint.com/online-fun/live-video-cam,3.0
www.cedarpoint.com,3.0
www.cedarpoint.com/online-fun,3.0
www.cedarpoint.com,3.0
www.cedarpoint.com/online-fun,3.0
www.radio1.be,3.0
www.radio1.be/programmas/overzicht,3.0
www.nationale-loterij.be/nl,3.0
www.nationale-loterij.be/nl/onze-spelen,3.0
sporza.be/cm/sporza,3.0
sporza.be/cm/sporza/tennis,3.0
www.hbvl.be,3.0
www.hbvl.be/tot-uw-dienst/ik-ben-abonnee,3.0
twitter.com,3.0
tweakers.net,3.0
tweakers.net/pricewatch,3.0
www.cedarpoint.com,3.0
www.cedarpoint.com/online-fun,3.0
www.nationale-loterij.be/nl,3.0
www.nationale-loterij.be/nl/onze-spelen,3.0
www.instagram.com/kuleuven,3.0
www.apple.com,3.0
www.apple.com/iphone,3.0
www.apple.com,3.0
www.apple.com/iphone,3.0
www.google.be,3.0
www.google.be/intl/en/about,3.0
www.google.be,3.0
www.cedarpoint.com,3.0
www.cedarpoint.com/online-fun,3.0
sporza.be/cm/sporza,3.0
sporza.be/cm/sporza/tennis,3.0
www.hbvl.be,3.0
www.hbvl.be/tot-uw-dienst/ik-ben-abonnee,3.0
www.radio1.be,3.0
www.radio1.be/programmas/overzicht,3.0
www.nationale-loterij.be/nl,3.0
www.nationale-loterij.be/nl/onze-spelen,3.0
www.cedarpoint.com,3.0
www.cedarpoint.com/online-fun,3.0
www.bol.com/nl/index.html,3.0
www.bol.com/nl/boeken/nederlandse-boeken/index.html,3.0
www.bol.com/nl/index.html,3.0
www.bol.com/nl/boeken/nederlandse-boeken/index.html,3.0
www.youtube.com,3.0
www.youtube.com/yt/dev,3.0
www.youtube.com,3.0
www.youtube.com/yt/dev,3.0
www.kapaza.be,3.0
www.kapaza.be/nl/auto,3.0
www.kapaza.be,3.0
www.kapaza.be/nl/auto,3.0
www.radio1.be,3.0
www.radio1.be/programmas/overzicht,3.0
www.nationale-loterij.be/nl,3.0
www.nationale-loterij.be/nl/onze-spelen,3.0
sporza.be/cm/sporza,3.0
sporza.be/cm/sporza/tennis,3.0
www.apple.com,3.0
www.apple.com/iphone,3.0
tweakers.net,3.0
tweakers.net/pricewatch,3.0
www.hbvl.be,3.0
www.hbvl.be/tot-uw-dienst/ik-ben-abonnee,3.0
www.google.be,3.0
www.instagram.com/kuleuven,3.0
www.nationale-loterij.be/nl,3.0
www.nationale-loterij.be/nl/onze-spelen,3.0
www.apple.com,3.0
www.apple.com/iphone,3.0
www.apple.com,3.0
www.apple.com/iphone,3.0
sporza.be/cm/sporza,3.0
sporza.be/cm/sporza/tennis,3.0
www.radio1.be,3.0
www.radio1.be/programmas/overzicht,3.0
www.bol.com/nl/index.html,3.0
www.bol.com/nl/boeken/nederlandse-boeken/index.html,3.0
www.bol.com/nl/index.html,3.0
www.bol.com/nl/boeken/nederlandse-boeken/index.html,3.0
www.youtube.com,3.0
www.youtube.com/yt/dev,3.0
www.youtube.com,3.0
www.youtube.com/yt/dev,3.0
www.radio1.be,3.0
www.radio1.be/programmas/overzicht,3.0
www.nationale-loterij.be/nl,3.0
www.nationale-loterij.be/nl/onze-spelen,3.0
sporza.be/cm/sporza,3.0
sporza.be/cm/sporza/tennis,3.0
www.hbvl.be,3.0
www.hbvl.be/tot-uw-dienst/ik-ben-abonnee,3.0
tweakers.net,3.0
tweakers.net/pricewatch,3.0
www.instagram.com/kuleuven,3.0
www.apple.com,3.0
www.apple.com/iphone,3.0
www.google.be,3.0
www.bol.com/nl/index.html,3.0
www.bol.com/nl/boeken/nederlandse-boeken/index.html,3.0
www.kapaza.be,3.0
www.kapaza.be/nl/auto,3.0
www.kapaza.be,3.0
www.kapaza.be/nl/auto,3.0
www.google.be,3.0
www.google.be/intl/en/about,3.0
www.google.be,3.0
tweakers.net,3.0
tweakers.net/pricewatch,3.0
tweakers.net,3.0
tweakers.net/pricewatch,3.0
www.hbvl.be,3.0
www.hbvl.be/tot-uw-dienst/ik-ben-abonnee,3.0
www.youtube.com,3.0
www.youtube.com/yt/dev,3.0
www.youtube.com,3.0
www.youtube.com/yt/dev,3.0
sporza.be/cm/sporza,3.0
www.apple.com,3.0
www.apple.com/iphone,3.0
www.kapaza.be,3.0
www.kapaza.be/nl/auto,3.0
www.youtube.com,3.0
www.youtube.com/yt/dev,3.0
www.hln.be,4.0
www.hln.be/hln/nl/923/Sport/index.dhtml,4.0
www.hln.be/hln/nl/9090/Voetbal/index.dhtml,4.0
www.hln.be/hln/nl/9090/Voetbal/index.dhtml,4.0
sporza.be/cm/sporza,4.0
sporza.be/cm/sporza/voetbal,4.0
sporza.be/cm/sporza/voetbal/Jupiler_Pro_League,4.0
www.kuleuven.be/kuleuven,4.0
www.kuleuven.be/toekomstigestudenten/info-per-campus.php,4.0
onderwijsaanbod.kuleuven.be/opleidingen/n,4.0
onderwijsaanbod.kuleuven.be/opleidingen/n/CQ_50268901.htm,4.0
www.hln.be,4.0
www.hln.be/hln/nl/923/Sport/index.dhtml,4.0
sporza.be/cm/sporza,4.0
sporza.be/cm/sporza/voetbal,4.0
sporza.be/cm/sporza/voetbal/Jupiler_Pro_League,4.0
deredactie.be/cm/vrtnieuws,4.0
9gag.com,4.0
www.kuleuven.be/kuleuven,4.0
www.kuleuven.be/toekomstigestudenten/info-per-campus.php,4.0
onderwijsaanbod.kuleuven.be/opleidingen/n,4.0
onderwijsaanbod.kuleuven.be/opleidingen/n/CQ_50268901.htm,4.0
sporza.be/cm/sporza,4.0
sporza.be/cm/sporza/atletiek,4.0
toledo.kuleuven.be,4.0
toledo.kuleuven.be/studenten,4.0
www.kuleuven.be/kuleuven/crisis,4.0
www.kuleuven.be/studenten,4.0
eng.kuleuven.be/studenten,4.0
www.hln.be,4.0
www.hln.be/hln/nl/961/Wetenschap/index.dhtml,4.0
www.hln.be/hln/nl/961/Wetenschap/2324/Global-Warming/actua/index.dhtml,4.0
southpark.cc.com,4.0
southpark.cc.com/full-episodes,4.0
www.kuleuven.be/kuleuven/crisis,4.0
www.kuleuven.be/studenten,4.0
eng.kuleuven.be/studenten,4.0
www.hln.be,4.0
www.hln.be/hln/nl/961/Wetenschap/index.dhtml,4.0
www.kuleuven.be/kuleuven/crisis,4.0
www.kuleuven.be/studenten,4.0
eng.kuleuven.be/studenten,4.0
www.hln.be,4.0
sporza.be/cm/sporza,4.0
sporza.be/cm/sporza/atletiek,4.0
southpark.cc.com,4.0
southpark.cc.com/full-episodes,4.0
www.kuleuven.be/kuleuven/crisis,4.0
www.kuleuven.be/studenten,4.0
eng.kuleuven.be/studenten,4.0
eng.kuleuven.be/studenten/examens-evaluatie-diploma-1/index,4.0
sporza.be/cm/sporza,4.0
sporza.be/cm/sporza/atletiek,4.0
www.hln.be,4.0
www.hln.be/hln/nl/961/Wetenschap/index.dhtml,4.0
www.kuleuven.be/kuleuven/crisis,4.0
www.kuleuven.be/studenten,4.0
eng.kuleuven.be/studenten,4.0
southpark.cc.com,4.0
southpark.cc.com/full-episodes,4.0
www.kuleuven.be/kuleuven/crisis,4.0
www.kuleuven.be/studenten,4.0
eng.kuleuven.be/studenten,4.0
eng.kuleuven.be/studenten/examens-evaluatie-diploma-1/index,4.0
sporza.be/cm/sporza,4.0
sporza.be/cm/sporza/atletiek,4.0
stackoverflow.com,4.0
stackoverflow.com/jobs,4.0
www.standaard.be,4.0
www.standaard.be/cnt/dmf20160322_02197048,4.0
www.standaard.be,4.0
www.standaard.be/nieuws/sport,4.0
www.meteovista.be/Europa/Belgie/Leuven/4054147,4.0
www.kuleuven.be/kuleuven,4.0
www.kuleuven.be/studeren,4.0
eng.kuleuven.be/studenten,4.0
eng.kuleuven.be/studenten/examens-evaluatie-diploma-1/index,4.0
www.hln.be,4.0
www.hln.be/hln/nl/923/Sport/index.dhtml,4.0
www.hln.be/hln/nl/9090/Voetbal/index.dhtml,4.0
www.kuleuven.be/kuleuven,4.0
www.kuleuven.be/studenten,4.0
wet.kuleuven.be/studenten/index.html,4.0
onderwijsaanbod.kuleuven.be/opleidingen/n,4.0
onderwijsaanbod.kuleuven.be/opleidingen/n/CQ_50268901.htm,4.0
onderwijsaanbod.kuleuven.be/opleidingen/n/SC_51016775.htm,4.0
onderwijsaanbod.kuleuven.be/opleidingen/n/CQ_50268901.htm,4.0
www.standaard.be,4.0
sporza.be/cm/sporza,4.0
www.standaard.be/nieuws/sport,4.0
sporza.be/cm/sporza/voetbal,4.0
www.kuleuven.be/kuleuven,4.0
www.kuleuven.be/studenten,4.0
wet.kuleuven.be/studenten/index.html,4.0
onderwijsaanbod.kuleuven.be/opleidingen/n,4.0
onderwijsaanbod.kuleuven.be/opleidingen/n/CQ_50268901.htm,4.0
www.standaard.be,4.0
www.standaard.be/nieuws/sport,4.0
www.hln.be,4.0
9gag.com,4.0
www.hln.be,4.0
www.kuleuven.be/studeren,4.0
eng.kuleuven.be/studenten,4.0
www.kuleuven.be/kuleuven,4.0
www.kuleuven.be/studenten,4.0
wet.kuleuven.be/studenten/index.html,4.0
onderwijsaanbod.kuleuven.be/opleidingen/n,4.0
onderwijsaanbod.kuleuven.be/opleidingen/n/CQ_50268901.htm,4.0
deredactie.be/cm/vrtnieuws,4.0
deredactie.be/cm/vrtnieuws/binnenland,4.0
www.nieuwsblad.be,4.0
www.nieuwsblad.be/sportwereld,4.0
www.nieuwsblad.be/sportwereld/voetbal,4.0
www.nieuwsblad.be/sportwereld/voetbal/eerste-klasse,4.0
sporza.be/cm/sporza,4.0
sporza.be/cm/sporza/atletiek,4.0
www.kuleuven.be/kuleuven,4.0
www.kuleuven.be/studeren,4.0
eng.kuleuven.be/studenten,4.0
eng.kuleuven.be/studenten/examens-evaluatie-diploma-1/index,4.0
www.kuleuven.be/kuleuven,4.0
www.kuleuven.be/studenten,4.0
wet.kuleuven.be/studenten/index.html,4.0
onderwijsaanbod.kuleuven.be/opleidingen/n,4.0
onderwijsaanbod.kuleuven.be/opleidingen/n/CQ_50268901.htm,4.0
www.hln.be,4.0
9gag.com,4.0
sporza.be/cm/sporza,4.0
sporza.be/cm/sporza/voetbal,4.0
deredactie.be/cm/vrtnieuws,4.0
deredactie.be/cm/vrtnieuws/binnenland,4.0
www.kuleuven.be/kuleuven,4.0
www.kuleuven.be/studenten,4.0
wet.kuleuven.be/studenten/index.html,4.0
onderwijsaanbod.kuleuven.be/opleidingen/n,4.0
onderwijsaanbod.kuleuven.be/opleidingen/n/CQ_50268901.htm,4.0
sporza.be/cm/sporza,4.0
sporza.be/cm/sporza/voetbal,4.0
www.hln.be,4.0
www.hln.be/hln/nl/9090/Voetbal/index.dhtml,4.0
www.kuleuven.be/kuleuven,4.0
www.kuleuven.be/studenten,4.0
wet.kuleuven.be/studenten/index.html,4.0
onderwijsaanbod.kuleuven.be/opleidingen/n,4.0
onderwijsaanbod.kuleuven.be/opleidingen/n/CQ_50268901.htm,4.0
deredactie.be/cm/vrtnieuws,4.0
deredactie.be/cm/vrtnieuws/regio/antwerpen,4.0
deredactie.be/cm/vrtnieuws,4.0
deredactie.be/cm/vrtnieuws/binnenland,4.0
sporza.be/cm/sporza/voetbal,5.0
sporza.be/cm/sporza,5.0
sporza.be/cm/sporza/matchcenter/mc_voetbal/jupilerleague_1516,5.0
sporza.be/cm/sporza,5.0
sporza.be/cm/sporza/voetbal/champions_league,5.0
sporza.be/cm/sporza,5.0
sporza.be/cm/sporza/voetbal/buitenland,5.0
sporza.be/cm/sporza/voetbal/buitenland/Engeland,5.0
sporza.be/cm/sporza/voetbal/buitenland/Engeland,5.0
sporza.be/cm/sporza,5.0
sporza.be/cm/sporza/voetbal/buitenland,5.0
sporza.be/cm/sporza/voetbal/buitenland/Engeland,5.0
sporza.be/cm/sporza/voetbal/buitenland/Engeland,5.0
sporza.be/cm/sporza/matchcenter/mc_voetbal/Engeland_1516,5.0
sporza.be/cm/sporza/matchcenter/mc_voetbal/Engeland_1516,5.0
onderwijsaanbod.kuleuven.be/opleidingen/n,5.0
onderwijsaanbod.kuleuven.be/opleidingen/n/CQ_50268945.htm,5.0
webwsp.aps.kuleuven.be/sap(bD1ubCZjPTIwMA==)/public/bsp/sap/z_mijnuurrstrs,5.0
webwsp.aps.kuleuven.be/sap(bD1ubCZjPTIwMA==)/public/bsp/sap/z_mijnuurrstrs,5.0
sporza.be/cm/sporza,5.0
sporza.be/cm/sporza/voetbal/buitenland,5.0
sporza.be/cm/sporza/voetbal/buitenland/Engeland,5.0
sporza.be/cm/sporza/matchcenter/mc_voetbal/Engeland_1516/MG_speeldag_30/1.2596816,5.0
onderwijsaanbod.kuleuven.be/opleidingen/n,5.0
onderwijsaanbod.kuleuven.be/opleidingen/n/CQ_50268945.htm,5.0
webwsp.aps.kuleuven.be/sap(bD1ubCZjPTIwMA==)/public/bsp/sap/z_mijnuurrstrs,5.0
sporza.be/cm/sporza,5.0
sporza.be/cm/sporza/voetbal/buitenland,5.0
sporza.be/cm/sporza/voetbal/buitenland/Engeland,5.0
www.kuleuven.be/kuleuven,5.0
onderwijsaanbod.kuleuven.be/opleidingen/n,5.0
onderwijsaanbod.kuleuven.be/opleidingen/n/CQ_50268945.htm,5.0
webwsp.aps.kuleuven.be/sap(bD1ubCZjPTIwMA==)/public/bsp/sap/z_mijnuurrstrs,5.0
sporza.be/cm/sporza,5.0
sporza.be/cm/sporza/voetbal/buitenland,5.0
www.kuleuven.be/kuleuven/crisis,5.0
onderwijsaanbod.kuleuven.be/opleidingen/n,5.0
onderwijsaanbod.kuleuven.be/opleidingen/n/CQ_50268945.htm,5.0
store.steampowered.com,5.0
store.steampowered.com,5.0
steamcommunity.com,5.0
steamcommunity.com/market,5.0
steamcommunity.com/market,5.0
www.kuleuven.be/kuleuven,5.0
onderwijsaanbod.kuleuven.be/opleidingen/n,5.0
onderwijsaanbod.kuleuven.be/opleidingen/n,5.0
onderwijsaanbod.kuleuven.be/opleidingen/n/CQ_50268945.htm,5.0
webwsp.aps.kuleuven.be/sap(bD1ubCZjPTIwMA==)/public/bsp/sap/z_mijnuurrstrs,5.0
sporza.be/cm/sporza,5.0
sporza.be/cm/sporza/voetbal/buitenland,5.0
steamcommunity.com,5.0
steamcommunity.com/market,5.0
steamcommunity.com/market,5.0
steamcommunity.com/market/listings/730/AWP%20%7C%20Man-o%27-war%20%28Minimal%20Wear%29,5.0
steamcommunity.com/market,5.0
www.vier.be,5.0
www.vier.be/programmas,5.0
www.vier.be/demol/programmas/de-mol,5.0
www.vier.be/volledige-afleveringen/964036,5.0
sporza.be/cm/sporza,5.0
sporza.be/cm/sporza/voetbal/buitenland,5.0
www.kuleuven.be/kuleuven,5.0
onderwijsaanbod.kuleuven.be/opleidingen/n,5.0
onderwijsaanbod.kuleuven.be/opleidingen/n/CQ_50268945.htm,5.0
webwsp.aps.kuleuven.be/sap(bD1ubCZjPTIwMA==)/public/bsp/sap/z_mijnuurrstrs,5.0
steamcommunity.com,5.0
steamcommunity.com/market,5.0
steamcommunity.com/market,5.0
www.vier.be,5.0
www.vier.be/programmas,5.0
www.vier.be/demol/programmas/de-mol,5.0
www.vier.be/volledige-afleveringen/964036,5.0
sporza.be/cm/sporza,5.0
sporza.be/cm/sporza/voetbal/buitenland,5.0
sporza.be/cm/sporza/voetbal/buitenland,5.0
steamcommunity.com,5.0
steamcommunity.com/market,5.0
steamcommunity.com/market,5.0
www.google.be,5.0
www.kuleuven.be/kuleuven,5.0
onderwijsaanbod.kuleuven.be/opleidingen/n,5.0
onderwijsaanbod.kuleuven.be/opleidingen/n/CQ_50268945.htm,5.0
webwsp.aps.kuleuven.be/sap(bD1ubCZjPTIwMA==)/public/bsp/sap/z_mijnuurrstrs,5.0
sporza.be/cm/sporza,5.0
sporza.be/cm/sporza/voetbal/buitenland,5.0
steamcommunity.com,5.0
steamcommunity.com/market,5.0
steamcommunity.com/market,5.0
www.vier.be,5.0
www.vier.be/programmas,5.0
www.vier.be/demol/programmas/de-mol,5.0
www.vier.be/volledige-afleveringen/964036,5.0
www.msi.com/index.php,5.0
www.msi.com/Notebooks,5.0
www.msi.com/Notebook/GT72-6QE-DOMINATOR-PRO-G.html,5.0
www.kuleuven.be/kuleuven,5.0
onderwijsaanbod.kuleuven.be/opleidingen/n,5.0
onderwijsaanbod.kuleuven.be/opleidingen/n/CQ_50268945.htm,5.0
sporza.be/cm/sporza,5.0
sporza.be/cm/sporza,5.0
sporza.be/cm/sporza/voetbal/buitenland,5.0
sporza.be/cm/sporza/voetbal/buitenland/Engeland,5.0
steamcommunity.com,5.0
steamcommunity.com/market,5.0
steamcommunity.com/market/listings/730/AWP%20%7C%20Man-o%27-war%20%28Minimal%20Wear%29,5.0
www.vier.be,5.0
www.vier.be/programmas,5.0
www.vier.be/demol/programmas/de-mol,5.0
www.vier.be/demol/programmas/de-mol,5.0
www.vier.be/volledige-afleveringen/964036,5.0
www.kuleuven.be/kuleuven,5.0
onderwijsaanbod.kuleuven.be/opleidingen/n,5.0
onderwijsaanbod.kuleuven.be/opleidingen/n/CQ_50268945.htm,5.0
webwsp.aps.kuleuven.be/sap(bD1ubCZjPTIwMA==)/public/bsp/sap/z_mijnuurrstrs,5.0
webwsp.aps.kuleuven.be/sap(bD1ubCZjPTIwMA==)/public/bsp/sap/z_mijnuurrstrs,5.0
webwsp.aps.kuleuven.be/sap(bD1ubCZjPTIwMA==)/public/bsp/sap/z_mijnuurrstrs,5.0
webwsp.aps.kuleuven.be/sap(bD1ubCZjPTIwMA==)/public/bsp/sap/z_mijnuurrstrs,5.0
toledo.kuleuven.be,6.0
github.com,6.0
toledo.kuleuven.be,6.0
p.cygnus.cc.kuleuven.be/webapps/blackboard/execute,6.0
www.meteo.be,6.0
www.meteo.be/meteo/view/nl/65239-Home.html,6.0
www.meteo.be/meteo/view/nl/65239-Home.html,6.0
toledo.kuleuven.be,6.0
p.cygnus.cc.kuleuven.be/webapps/blackboard/execute,6.0
wiki.associatie.kuleuven.be/aplai,6.0
deredactie.be/cm/vrtnieuws,6.0
toledo.kuleuven.be,6.0
p.cygnus.cc.kuleuven.be/webapps/blackboard/execute,6.0
deredactie.be/cm/vrtnieuws,6.0
deredactie.be/cm/vrtnieuws,6.0
toledo.kuleuven.be,6.0
p.cygnus.cc.kuleuven.be/webapps/blackboard/execute,6.0
p.cygnus.cc.kuleuven.be/webapps/blackboard/content,6.0
p.cygnus.cc.kuleuven.be/webapps/blackboard/content,6.0
www.hln.be,7.0
www.hln.be/hln/nl/957/Binnenland/article/detail/2657907/2016/03/25/Video-toont-hoe-politie-kind-weghaalt-bij-neergeschoten-verdachte-in-Schaarbeek.dhtml,7.0
www.hln.be/regio/nieuws-uit-zemst,7.0
www.hln.be/regio/nieuws-uit-zemst/comite-p-onderzoekt-terreurtip-a2657330,7.0
doorbraak.be/nl/home,7.0
doorbraak.be/nl/nieuws,7.0
doorbraak.be/nl/nieuws,7.0
doorbraak.be/nl/nieuws,7.0
www.knack.be/nieuws,7.0
www.standaard.be,7.0
toledo.kuleuven.be,7.0
p.cygnus.cc.kuleuven.be/webapps/blackboard/execute,7.0
weather.yahoo.com/belgium/vlaams-brabant/elewyt-(elewijt)-969330,7.0
weather.yahoo.com/belgium/vlaams-brabant,7.0
www.bloomberg.com/europe,7.0
www.bloomberg.com/markets/stocks/world-indexes/americas,7.0
www.bloomberg.com/markets,7.0
www.bloomberg.com/quote/TSLA:US,7.0
mijn.bibliotheek.be/portal/rest/user/dashboard,7.0
www.hln.be,7.0
www.hln.be,7.0
sporza.be/cm/sporza,8.0
sporza.be/cm/sporza/voetbal,8.0
sporza.be/cm/sporza/voetbal/Jupiler_Pro_League,8.0
sporza.be/cm/sporza,8.0
sporza.be/cm/sporza/voetbal,8.0
sporza.be/cm/sporza/videozone/programmas/extratime,8.0
sporza.be/cm/sporza,8.0
sporza.be/cm/sporza/voetbal,8.0
deredactie.be/cm/vrtnieuws/cultuur%2Ben%2Bmedia,8.0
deredactie.be/cm/vrtnieuws/cultuur%2Ben%2Bmedia/film,8.0
www.alma.be/nl,8.0
www.alma.be/nl/campusarenberg,8.0
www.quiz-kalender.be,8.0
joglog.azurewebsites.net,8.0
joglog.azurewebsites.net/Jogging/List,8.0
joglog.azurewebsites.net/JogLiga,8.0
joglog.azurewebsites.net,8.0
joglog.azurewebsites.net/JogLiga,8.0
joglog.azurewebsites.net,8.0
stratenlopen.be,8.0
stratenlopen.be,8.0
stratenlopen.be,8.0
runkeeper.com/home,8.0
runkeeper.com/user/jeffhoremans/profile,8.0
runkeeper.com/user/jeffhoremans/fitnessReports/cardio,8.0
runkeeper.com/home,8.0
sporza.be/cm/sporza,8.0
sporza.be/cm/sporza/voetbal,8.0
sporza.be/cm/sporza/voetbal/Jupiler_Pro_League,8.0
joglog.azurewebsites.net,8.0
stratenlopen.be,8.0
www.ucll.be/studeren,8.0
www.ucll.be/dienstenvoorstudenten,8.0
www.ucll.be/studeren/student-aan-ucll/diensten-voor-studenten/diensten-voor-studenten-leuven,8.0
www.ucll.be/studeren/student-aan-ucll/diensten-voor-studenten/diensten-voor-studenten-leuven-0/sport-leuven,8.0
www.ucll.be/studeren/student-aan-ucll/campussen/campus-hertogstraat/sporthal/sportaanbod-heverlee,8.0
www.kuleuven.be/kuleuven,8.0
www.kuleuven.be/sport,8.0
www.kuleuven.be/sport/sportaanbod/index.htm,8.0
www.worldsnooker.com,8.0
www.worldsnooker.com/news,8.0
www.worldsnooker.com,8.0
cuetracker.net,8.0
cuetracker.net/Statistics,8.0
cuetracker.net/Statistics/Centuries/Most-Made/All-time,8.0
cuetracker.net,8.0
cuetracker.net/Rankings,8.0
sporza.be/cm/sporza,8.0
sporza.be/cm/sporza/tennis,8.0
sporza.be/cm/sporza,8.0
sporza.be/cm/sporza/atletiek,8.0
sporza.be/cm/sporza,8.0
sporza.be/cm/sporza/voetbal,8.0
sporza.be/cm/sporza/voetbal/Jupiler_Pro_League,8.0
www.kuleuven.be/kuleuven,8.0
www.kuleuven.be/sport,8.0
www.kuleuven.be/sport/sportaanbod/index.htm,8.0
www.kuleuven.be/sport/sportaanbod/ploegsporten/frisbee,8.0
www.kuleuven.be/sport/sportaanbod/index.htm,8.0
www.kuleuven.be/kuleuven,8.0
www.kuleuven.be/sport,8.0
www.kuleuven.be/sport/sportaanbod/index.htm,8.0
www.kuleuven.be/sport/sportaanbod/individuele-sporten/badminton,8.0
www.kuleuven.be/kuleuven,8.0
www.kuleuven.be/sport,8.0
www.westerlo.be,8.0
www.westerlo.be/openingsuren-en-sluitingsdagen,8.0
www.quiz-kalender.be,8.0
www.quizarchief.be,8.0
www.quizarchief.be/speelquiz,8.0
sporza.be/cm/sporza,8.0
sporza.be/cm/sporza/wielrennen,8.0
sporza.be/cm/sporza,8.0
sporza.be/cm/sporza/voetbal,8.0
runkeeper.com/home,8.0
runkeeper.com/user/jeffhoremans/profile,8.0
joglog.azurewebsites.net,8.0
stratenlopen.be,8.0
stratenlopen.be,8.0
joglog.azurewebsites.net,8.0
www.alma.be/nl,8.0
www.alma.be/nl/campusarenberg,8.0
www.worldsnooker.com,8.0
www.worldsnooker.com/news,8.0
deredactie.be/cm/vrtnieuws/cultuur%2Ben%2Bmedia,8.0
deredactie.be/cm/vrtnieuws,8.0
deredactie.be/cm/vrtnieuws/buitenland,8.0
kvcwesterlo.be/a-kern/kalender,8.0
sporza.be/cm/sporza,8.0
sporza.be/cm/sporza/voetbal,8.0
sporza.be/cm/sporza/voetbal/Jupiler_Pro_League,8.0
sporza.be/cm/sporza/voetbal/Jupiler_Pro_League/2.5199,8.0
sporza.be/cm/sporza/voetbal/Jupiler_Pro_League/2.5029,8.0
sporza.be/cm/sporza,8.0
www.ucll.be,8.0
www.ucll.be/studeren,8.0
www.ucll.be/dienstenvoorstudenten,8.0
www.ucll.be/studeren/student-aan-ucll/diensten-voor-studenten/diensten-voor-studenten-leuven,8.0
www.ucll.be/studeren/student-aan-ucll/diensten-voor-studenten/diensten-voor-studenten-leuven-0/sport-leuven,8.0
www.ucll.be/studeren/student-aan-ucll/diensten-voor-studenten/diensten-voor-studenten-leuven-0/sport-leuven,8.0
www.ucll.be/studeren/student-aan-ucll/campussen/campus-hertogstraat/sporthal,8.0
www.ucll.be/studeren/student-aan-ucll/campussen/campus-hertogstraat/sporthal/sportaanbod-heverlee,8.0
deredactie.be/cm/vrtnieuws,8.0
deredactie.be/cm/vrtnieuws/cultuur%2Ben%2Bmedia,8.0
deredactie.be/cm/vrtnieuws/cultuur%2Ben%2Bmedia/film,8.0
deredactie.be/cm/vrtnieuws,8.0
deredactie.be/cm/vrtnieuws/buitenland,8.0
sporza.be/cm/sporza,8.0
sporza.be/cm/sporza/voetbal,8.0
sporza.be/cm/sporza/voetbal/Jupiler_Pro_League,8.0
sporza.be/cm/sporza/videozone/programmas/extratime,8.0
sporza.be/cm/sporza,8.0
sporza.be/cm/sporza/voetbal,8.0
sporza.be/cm/sporza/voetbal/Jupiler_Pro_League,8.0
runkeeper.com/home,8.0
runkeeper.com/user/jeffhoremans/profile,8.0
runkeeper.com/user/jeffhoremans/fitnessReports/cardio,8.0
joglog.azurewebsites.net,8.0
joglog.azurewebsites.net/Jogging/List,8.0
joglog.azurewebsites.net,8.0
stratenlopen.be,8.0
stratenlopen.be,8.0
stratenlopen.be/index.php,8.0
stratenlopen.be/calendar.php,8.0
stratenlopen.be/index.php,8.0
www.worldsnooker.com,8.0
www.worldsnooker.com/news,8.0
www.worldsnooker.com,8.0
cuetracker.net,8.0
cuetracker.net/Statistics,8.0
cuetracker.net/Statistics/Centuries/Most-Made/All-time,8.0
cuetracker.net,8.0
cuetracker.net/Statistics,8.0
cuetracker.net/Statistics/Tournaments/Won/All-time,8.0
cuetracker.net,8.0
cuetracker.net/Rankings,8.0
cuetracker.net,8.0
www.quiz-kalender.be,8.0
sporza.be/cm/sporza,8.0
sporza.be/cm/sporza/voetbal,8.0
deredactie.be/cm/vrtnieuws,8.0
sporza.be/cm/sporza,8.0
sporza.be/cm/sporza/wielrennen,8.0
sporza.be/cm/sporza,8.0
sporza.be/cm/sporza/tennis,8.0
sporza.be/cm/sporza,8.0
sporza.be/cm/sporza/voetbal/Jupiler_Pro_League,8.0
sporza.be/cm/sporza,8.0
sporza.be/cm/sporza/voetbal,8.0
www.kuleuven.be/kuleuven,8.0
www.kuleuven.be/sport,8.0
www.kuleuven.be/sport/sportaanbod/index.htm,8.0
people.cs.kuleuven.be/~bart.demoen,9.0
people.cs.kuleuven.be/~bart.demoen/FCW,9.0
people.cs.kuleuven.be/~bart.demoen,9.0
people.cs.kuleuven.be/~bart.demoen/FCW,9.0
www.vier.be,9.0
www.vier.be/programmas,9.0
www.vier.be/demol/programmas/de-mol,9.0
www.vier.be/volledige-afleveringen/964036,9.0
www.vier.be,9.0
www.vier.be/programmas,9.0
www.vier.be/demol/programmas/de-mol,9.0
www.vier.be/volledige-afleveringen/964036,9.0
people.cs.kuleuven.be/~bart.demoen,9.0
people.cs.kuleuven.be/~bart.demoen/FCW,9.0
www.twitch.tv,9.0
www.twitch.tv,9.0
webwsp.aps.kuleuven.be/sap(bD1ubCZjPTIwMA==)/public/bsp/sap/z_mijnuurrstrs,9.0
deredactie.be/cm/vrtnieuws,9.0
deredactie.be/cm/vrtnieuws,9.0
www.vier.be,9.0
www.vier.be/programmas,9.0
www.vier.be/demol/programmas/de-mol,9.0
www.vier.be/volledige-afleveringen/964036,9.0
www.twitch.tv,9.0
people.cs.kuleuven.be/~bart.demoen,9.0
people.cs.kuleuven.be/~bart.demoen/FCW,9.0
people.cs.kuleuven.be/~bart.demoen/FCW,9.0
people.cs.kuleuven.be/~bart.demoen/FCW,9.0
www.twitch.tv,9.0
www.vier.be,9.0
www.vier.be,9.0
www.vier.be/programmas,9.0
www.vier.be/demol/programmas/de-mol,9.0
www.vier.be/volledige-afleveringen/964036,9.0
www.kuleuven.be/kuleuven/crisis,9.0
cygnus.cc.kuleuven.be/webapps/portal/execute/tabs,9.0
cygnus.cc.kuleuven.be/webapps/blackboard/execute,9.0
cygnus.cc.kuleuven.be/webapps/blackboard/execute/course/tools,9.0
cygnus.cc.kuleuven.be/webapps/discussionboard/do,9.0
cygnus.cc.kuleuven.be/webapps/portal/execute/tabs,9.0
cygnus.cc.kuleuven.be/webapps/blackboard/execute,9.0
cygnus.cc.kuleuven.be/webapps/blackboard/content,9.0
cygnus.cc.kuleuven.be/webapps/blackboard/execute/course/tools,9.0
cygnus.cc.kuleuven.be/webapps/discussionboard/do,9.0
cygnus.cc.kuleuven.be/webapps/discussionboard/do,9.0
cygnus.cc.kuleuven.be/webapps/discussionboard/do,9.0
cygnus.cc.kuleuven.be/webapps/discussionboard/do,9.0
www.vier.be,9.0
www.vier.be/programmas,9.0
www.vier.be/demol/programmas/de-mol,9.0
www.vier.be/volledige-afleveringen/964036,9.0
people.cs.kuleuven.be/~bart.demoen,9.0
people.cs.kuleuven.be/~bart.demoen/FCW,9.0
people.cs.kuleuven.be/~bart.demoen/FCW,9.0
people.cs.kuleuven.be/~bart.demoen/FCW,9.0
deredactie.be/cm/vrtnieuws,9.0
www.twitch.tv,9.0
www.vier.be,9.0
www.vier.be,9.0
www.vier.be/programmas,9.0
www.vier.be/theskyisthelimit/programmas/sky-limit,9.0
www.vier.be/volledige-afleveringen/105073,9.0
www.vier.be/theskyisthelimit/programmas/sky-limit,9.0
www.vier.be/programmas,9.0
www.vier.be/demol/programmas/de-mol,9.0
www.vier.be/volledige-afleveringen/964036,9.0
www.vier.be/demol/programmas/de-mol,9.0
www.sciencedirect.com/science/article/pii/S0888613X02000841,9.0
academic.research.microsoft.com,9.0
ieeexplore.ieee.org/xpls,9.0
www.facebook.com,10.0
people.cs.kuleuven.be/~bart.demoen,10.0
deredactie.be/cm/vrtnieuws,10.0
www.kuleuven.be/kuleuven/crisis,10.0
www.kuleuven.be/studenten,10.0
eng.kuleuven.be/studenten,10.0
eng.kuleuven.be/studenten/masterproef/masterproef/index.html,10.0
eng.kuleuven.be/studenten/masterproef/masterproef/masterproef,10.0
eng.kuleuven.be/studenten/masterproef,10.0
eng.kuleuven.be/studenten/masterproef/masterproef/deadlines,10.0
eng.kuleuven.be/studenten/masterproef,10.0
people.cs.kuleuven.be/~bart.demoen,10.0
deredactie.be/cm/vrtnieuws/Livecenter,10.0
deredactie.be/cm/vrtnieuws,10.0
www.kuleuven.be/kuleuven/crisis,10.0
www.kuleuven.be/studenten,10.0
eng.kuleuven.be/studenten,10.0
eng.kuleuven.be/studenten/masterproef/masterproef/index.html,10.0
eng.kuleuven.be/studenten/masterproef/masterproef/masterproef,10.0
eng.kuleuven.be/studenten/masterproef,10.0
eng.kuleuven.be/studenten/masterproef/masterproef/deadlines,10.0
eng.kuleuven.be/studenten/masterproef,10.0
deredactie.be/cm/vrtnieuws/binnenland/1.2608376,10.0
deredactie.be/cm/vrtnieuws,10.0
deredactie.be/cm/vrtnieuws/weer,10.0
deredactie.be/cm/vrtnieuws,10.0
toledo.kuleuven.be,10.0
p.cygnus.cc.kuleuven.be/webapps/blackboard/execute,10.0
p.cygnus.cc.kuleuven.be/webapps/blackboard/content,10.0
p.cygnus.cc.kuleuven.be/webapps/blackboard/execute,10.0
p.cygnus.cc.kuleuven.be/webapps/blackboard/content,10.0
toledo.kuleuven.be,10.0
deredactie.be/cm/vrtnieuws/Livecenter,10.0
deredactie.be/cm/vrtnieuws,10.0
deredactie.be/cm/vrtnieuws,10.0
www.facebook.com/groups/475396119246107,10.0
p.cygnus.cc.kuleuven.be/webapps/blackboard/execute,10.0
p.cygnus.cc.kuleuven.be/webapps/blackboard/content,10.0
people.cs.kuleuven.be/~bart.demoen,10.0
people.cs.kuleuven.be/~bart.demoen,10.0
deredactie.be/cm/vrtnieuws/Livecenter,10.0
deredactie.be/cm/vrtnieuws,10.0
www.kuleuven.be/kuleuven/crisis,10.0
twitter.com,10.0
deredactie.be/cm/vrtnieuws/regio/brussel/1.2608728,10.0
deredactie.be/cm/vrtnieuws,10.0
toledo.kuleuven.be,10.0
p.cygnus.cc.kuleuven.be/webapps/blackboard/execute,10.0
p.cygnus.cc.kuleuven.be/webapps/blackboard/content,10.0
www.twitch.tv,10.0
www.reddit.com,11.0
www.reddit.com/r/gaming,11.0
www.reddit.com/r/gaming,11.0
www.reddit.com/r/gaming/comments/4bmxaq/just_wanted_to_share_this_nostalgic_gif,11.0
www.reddit.com/r/space,11.0
www.reddit.com/r/space,11.0
sporza.be/cm/sporza,11.0
sporza.be/cm/sporza/voetbal/buitenland/Nederland/1.2610913,11.0
sporza.be/cm/sporza,11.0
sporza.be/cm/sporza/voetbal,11.0
www.youtube.com,11.0
www.hln.be,11.0
www.hln.be/hln/nl/36484/Aanslagen-Brussel/article/detail/2656721/2016/03/24/Geens-Onze-diensten-hebben-fout-gemaakt.dhtml,11.0
www.youtube.com,11.0
www.youtube.com,11.0
www.youtube.com,11.0
www.nieuwsblad.be/sportwereld,11.0
www.nieuwsblad.be/sportwereld/voetbal,11.0
www.reddit.com,11.0
www.nieuwsblad.be/sportwereld/tag/voetbal/belgie,11.0
www.nieuwsblad.be/cnt/dmf20160324_02200618,11.0
www.nieuwsblad.be/sportwereld/wielrennen,11.0
www.nieuwsblad.be/sportwereld/wielrennen,11.0
www.youtube.com,11.0
www.reddit.com/new,11.0
www.reddit.com,11.0
www.reddit.com/message/inbox,11.0
www.reddit.com/r/darksouls/comments/4bt86x/someone_should_sell_stress_balls_shaped_like,11.0
www.gva.be,11.0
www.gva.be/sport,11.0
www.gva.be/cnt/dmf20160324_02200733/origi-valt-geblesseerd-af-voor-portugal,11.0
www.gva.be/sport,11.0
www.gva.be/cnt/dmf20160324_02200733/origi-valt-geblesseerd-af-voor-portugal,11.0
www.gva.be,11.0
www.gva.be/regio/regio-kempen,11.0
www.gva.be/cnt/dmf20160321_02194589/dit-weekend-in-citta-kempen,11.0
en.lichess.org,11.0
en.lichess.org/training/22398,11.0
www.standaard.be,11.0
www.standaard.be/cnt/dmf20160325_02203598,11.0
twigserial.wordpress.com,11.0
topwebfiction.com,11.0
www.reddit.com,11.0
www.reddit.com/r/Android/comments/4bvbuf/the_new_google_voice_leaked_with_a_comparison_to,11.0
www.reddit.com,11.0
www.reddit.com/message/inbox,11.0
www.youtube.com,11.0
toledo.kuleuven.be,11.0
p.cygnus.cc.kuleuven.be/webapps/blackboard/execute,11.0
news.ycombinator.com,11.0
toledo.kuleuven.be,11.0
twigserial.wordpress.com,11.0
topwebfiction.com,11.0
arstechnica.com,11.0
arstechnica.com,11.0
arstechnica.com/information-technology/2016/03/artificial-intelligence-in-healthcare,11.0
smbc-comics.com,11.0
smbc-comics.com,11.0
smbc-comics.com,11.0
toledo.kuleuven.be,12.0
p.cygnus.cc.kuleuven.be/webapps/blackboard/execute,12.0
www.ted.com,12.0
www.ted.com/playlists/171/the_most_popular_talks_of_all,12.0
www.ted.com/about/programs-initiatives/ted-prize,12.0
ed.ted.com/get_involved,12.0
toledo.kuleuven.be,12.0
p.cygnus.cc.kuleuven.be/webapps/blackboard/execute,12.0
p.cygnus.cc.kuleuven.be/webapps/blackboard/execute,12.0
p.cygnus.cc.kuleuven.be/webapps/blackboard/content,12.0
www.cosic.esat.kuleuven.be/cns,12.0
toledo.kuleuven.be/portal,12.0
toledo.kuleuven.be,12.0
p.cygnus.cc.kuleuven.be/webapps/blackboard/execute,12.0
p.cygnus.cc.kuleuven.be/webapps/blackboard/content,12.0
p.cygnus.cc.kuleuven.be/webapps/blackboard/content,12.0
p.cygnus.cc.kuleuven.be/webapps/blackboard/content,12.0
waitbutwhy.com,12.0
waitbutwhy.com/wait-but-who,12.0
waitbutwhy.com/archive,12.0
www.google.be,12.0
www.asml.com/asml,12.0
www.reconfirm.eu/nl,12.0
toledo.kuleuven.be,12.0
p.cygnus.cc.kuleuven.be/webapps/blackboard/execute,12.0
p.cygnus.cc.kuleuven.be/webapps/blackboard/content,12.0
p.cygnus.cc.kuleuven.be/webapps/blackboard/execute/course/tools,12.0
p.cygnus.cc.kuleuven.be/webapps/blackboard/execute/staffinfo,12.0
p.cygnus.cc.kuleuven.be/webapps/blackboard/execute,12.0
waitbutwhy.com,12.0
waitbutwhy.com/wait-but-who,12.0
waitbutwhy.com/archive,12.0
toledo.kuleuven.be,12.0
toledo.kuleuven.be,12.0
p.cygnus.cc.kuleuven.be/webapps/blackboard/execute,12.0
p.cygnus.cc.kuleuven.be/webapps/blackboard/content,12.0
p.cygnus.cc.kuleuven.be/webapps/blackboard/content,12.0
p.cygnus.cc.kuleuven.be/webapps/blackboard/execute,12.0
p.cygnus.cc.kuleuven.be/webapps/blackboard/content,12.0
p.cygnus.cc.kuleuven.be/webapps/blackboard/content,12.0
waitbutwhy.com,12.0
waitbutwhy.com/archive,12.0
waitbutwhy.com/2014/02/pick-life-partner.html,12.0
toledo.kuleuven.be,12.0
p.cygnus.cc.kuleuven.be/webapps/blackboard/execute,12.0
toledo.kuleuven.be,12.0
p.cygnus.cc.kuleuven.be/webapps/blackboard/execute,12.0
p.cygnus.cc.kuleuven.be/webapps/blackboard/content,12.0
p.cygnus.cc.kuleuven.be/webapps/blackboard/content,12.0
p.cygnus.cc.kuleuven.be/webapps/blackboard/content,12.0
www.youtube.com/user/rhettandlink2,13.0
waitbutwhy.com,13.0
www.tijd.be,13.0
www.tijd.be/marktenlive,13.0
www.tijd.be/beurzen/euronext-brussel/bel20,13.0
www.standaard.be,13.0
www.standaard.be/nieuws/binnenland,13.0
toledo.kuleuven.be,13.0
p.cygnus.cc.kuleuven.be/webapps/blackboard/execute,13.0
wiki.associatie.kuleuven.be/aplai,13.0
www.youtube.com/user/rhettandlink2,13.0
www.tijd.be,13.0
www.tijd.be/marktenlive,13.0
www.tijd.be/beurzen/euronext-brussel/bel20,13.0
www.tijd.be/politiek_en_economie/europa,13.0
www.standaard.be,13.0
www.standaard.be/nieuws/binnenland,13.0
www.standaard.be/cnt/dmf20160325_02203316,13.0
www.standaard.be/nieuws/binnenland,13.0
www.standaard.be/cnt/dmf20160325_02203289,13.0
www.standaard.be/nieuws/buitenland,13.0
www.standaard.be/cnt/dmf20160324_02200819,13.0
www.standaard.be/nieuws/buitenland,13.0
toledo.kuleuven.be,13.0
p.cygnus.cc.kuleuven.be/webapps/blackboard/execute,13.0
p.cygnus.cc.kuleuven.be/webapps/blackboard/content,13.0
p.cygnus.cc.kuleuven.be/webapps/blackboard/execute,13.0
p.cygnus.cc.kuleuven.be/webapps/blackboard/content,13.0
toledo.kuleuven.be,13.0
p.cygnus.cc.kuleuven.be/webapps/blackboard/execute,13.0
p.cygnus.cc.kuleuven.be/webapps/blackboard/content,13.0
p.cygnus.cc.kuleuven.be/webapps/blackboard/content,13.0
p.cygnus.cc.kuleuven.be/webapps/blackboard/content,13.0
p.cygnus.cc.kuleuven.be/webapps/blackboard/content,13.0
www.linkedin.com/nhome,13.0
www.linkedin.com/wvmx,13.0
www.linkedin.com/wvmx/profile,13.0
www.aftleuven.be,13.0
www.ibood.com,13.0
www.1dayfly.com,13.0
www.1dayfly.com/be/nl,13.0
p.cygnus.cc.kuleuven.be/webapps/blackboard/content,13.0
p.cygnus.cc.kuleuven.be/webapps/blackboard/execute,13.0
p.cygnus.cc.kuleuven.be/webapps/blackboard/content,13.0
www.cosic.esat.kuleuven.be/cns,13.0
www.cosic.esat.kuleuven.be/cns,13.0
labsblog.f-secure.com,13.0
putlocker.is/watch-the-man-in-the-high-castle-tvshow-online-free-putlocker.html,13.0
www.kuleuven.be/kuleuven,13.0
www.kuleuven.be/studenten,13.0
wet.kuleuven.be/studenten/index.html,13.0
wet.kuleuven.be/schoolverlater/index.html,13.0
toledo.kuleuven.be,13.0
p.cygnus.cc.kuleuven.be/webapps/blackboard/execute,13.0
tweakers.net,14.0
tweakers.net/categorie/496/laptops/producten,14.0
tweakers.net/categorie/496/laptops/reviews,14.0
tweakers.net/pricewatch,14.0
gap.chiro.be/live/299,14.0
augment.cs.kuleuven.be/wiki/index.php/Main_Page,14.0
augment.cs.kuleuven.be/wiki/index.php/Main_Page,14.0
showrss.info,14.0
showrss.info,14.0
toledo.kuleuven.be,14.0
p.cygnus.cc.kuleuven.be/webapps/blackboard/execute,14.0
p.cygnus.cc.kuleuven.be/webapps/discussionboard/do,14.0
p.cygnus.cc.kuleuven.be/webapps/discussionboard/do,14.0
p.cygnus.cc.kuleuven.be/webapps/discussionboard/do,14.0
www.dourfestival.eu/nl,14.0
www.dourfestival.eu/nl/program/lineup/overview,14.0
www.dourfestival.eu/nl/program/stages,14.0
www.dourfestival.eu/nl/program/extra,14.0
www.pukkelpop.be/nl,14.0
southpark.cc.com,14.0
gap.chiro.be/live/299,14.0
tweakers.net,14.0
tweakers.net/nieuws,14.0
tweakers.net/reviews,14.0
tweakers.net/categorie/496/laptops/reviews,14.0
tweakers.net/categorie/496/laptops,14.0
tweakers.net/categorie/496/laptops/producten,14.0
tweakers.net/pricewatch,14.0
augment.cs.kuleuven.be/wiki/index.php/Main_Page,14.0
www.dourfestival.eu/nl,14.0
www.dourfestival.eu/nl/info,14.0
www.dourfestival.eu/nl/program/stages,14.0
www.pukkelpop.be/nl,14.0
www.pukkelpop.be/nl/tickets,14.0
showrss.info,14.0
tweakers.net,14.0
tweakers.net/categorie/496/laptops/producten,14.0
southpark.cc.com,14.0
southpark.cc.com/collections/4047/and-the-award-goes-to-/1,14.0
southpark.cc.com/full-episodes,14.0
toledo.kuleuven.be,14.0
p.cygnus.cc.kuleuven.be/webapps/blackboard/execute,14.0
p.cygnus.cc.kuleuven.be/webapps/discussionboard/do,14.0
www.pukkelpop.be/nl,14.0
www.pukkelpop.be/nl/faq,14.0
www.pukkelpop.be/nl/nieuws,14.0
www.pukkelpop.be/nl/nieuws,14.0
www.pukkelpop.be/nl/tickets,14.0
www.dourfestival.eu/nl,14.0
showrss.info,14.0
www.dourfestival.eu/nl,14.0
www.pukkelpop.be/nl,14.0
showrss.info,14.0
www.dourfestival.eu/nl,14.0
www.pukkelpop.be/nl,14.0
augment.cs.kuleuven.be/wiki/index.php/Main_Page,14.0
tweakers.net,14.0
augment.cs.kuleuven.be/wiki/index.php/Main_Page,14.0
toledo.kuleuven.be,14.0
p.cygnus.cc.kuleuven.be/webapps/blackboard/execute,14.0
p.cygnus.cc.kuleuven.be/webapps/discussionboard/do,14.0
southpark.cc.com,14.0
southpark.cc.com/full-episodes,14.0
augment.cs.kuleuven.be/wiki/index.php/Main_Page,14.0
southpark.cc.com,14.0
southpark.cc.com/full-episodes,14.0
southpark.cc.com,14.0
southpark.cc.com/full-episodes,14.0
southpark.cc.com,14.0
southpark.cc.com/wiki,14.0
gap.chiro.be/live/299,14.0
gap.chiro.be/live/299/Groep,14.0
augment.cs.kuleuven.be/wiki/index.php/Main_Page,14.0
augment.cs.kuleuven.be/wiki/index.php/Main_Page,14.0
www.dourfestival.eu/nl,14.0
www.dourfestival.eu/nl/tickets-reservations,14.0
www.dourfestival.eu/nl/tickets-reservations/ticket,14.0
www.dourfestival.eu/nl/tickets-reservations/ticket/pass,14.0
www.pukkelpop.be/nl,14.0
www.dourfestival.eu/nl,14.0
www.dourfestival.eu/nl/tickets-reservations/ticket,14.0
showrss.info,14.0
showrss.info,14.0
showrss.info,14.0
toledo.kuleuven.be,14.0
p.cygnus.cc.kuleuven.be/webapps/blackboard/execute,14.0
showrss.info,14.0
showrss.info,14.0
tweakers.net,14.0
tweakers.net/reviews,14.0
tweakers.net/pricewatch,14.0
sporza.be/cm/sporza,14.0
sporza.be/cm/sporza/voetbal,14.0
sporza.be/cm/sporza/voetbal,14.0
sporza.be/cm/sporza/voetbal/buitenland/Engeland,14.0
sporza.be/cm/sporza/voetbal/Jupiler_Pro_League,14.0
sporza.be/cm/sporza/voetbal/Jupiler_Pro_League/2.5199,14.0
www.pukkelpop.be/nl,14.0
toledo.kuleuven.be,14.0
p.cygnus.cc.kuleuven.be/webapps/blackboard/execute,14.0
p.cygnus.cc.kuleuven.be/webapps/discussionboard/do,14.0
southpark.cc.com,14.0
augmenthuman.wordpress.com,14.0
augment.cs.kuleuven.be/wiki/index.php/Main_Page,14.0
augment.cs.kuleuven.be/wiki/index.php/Main_Page,14.0
tweakers.net,14.0
tweakers.net/categorie/496/laptops/producten,14.0
tweakers.net/pricewatch,14.0
toledo.kuleuven.be,14.0
p.cygnus.cc.kuleuven.be/webapps/blackboard/execute,14.0
p.cygnus.cc.kuleuven.be/webapps/discussionboard/do,14.0
tweakers.net,14.0
tweakers.net/categorie/496/laptops/producten,14.0
tweakers.net/nieuws,14.0
tweakers.net/pricewatch,14.0
toledo.kuleuven.be,14.0
p.cygnus.cc.kuleuven.be/webapps/blackboard/execute,14.0
p.cygnus.cc.kuleuven.be/webapps/blackboard/execute/course/tools,14.0
p.cygnus.cc.kuleuven.be/webapps/discussionboard/do,14.0
southpark.cc.com,14.0
tweakers.net,14.0
tweakers.net/pricewatch,14.0
southpark.cc.com,14.0
tweakers.net,14.0
tweakers.net/nieuws/109627/ontwikkelaars-brengen-jailbreak-uit-voor-apple-tv-2015.html,14.0
tweakers.net/pricewatch,14.0
augment.cs.kuleuven.be/wiki/index.php/Main_Page,14.0
toledo.kuleuven.be,14.0
p.cygnus.cc.kuleuven.be/webapps/blackboard/execute,14.0
p.cygnus.cc.kuleuven.be/webapps/discussionboard/do,14.0
augment.cs.kuleuven.be/wiki/index.php/Main_Page,14.0
augment.cs.kuleuven.be/wiki/index.php/InfoVis-1516,14.0
augment.cs.kuleuven.be/wiki/index.php/Main_Page,14.0
augment.cs.kuleuven.be/wiki/index.php/InfoVis-1414,14.0
augment.cs.kuleuven.be/wiki/index.php/Main_Page,14.0
tweakers.net,14.0
tweakers.net/categorie/215/smartphones/producten,14.0
tweakers.net/pricewatch,14.0
southpark.cc.com,14.0
southpark.cc.com/blog,14.0
sporza.be/cm/sporza,14.0
sporza.be/cm/sporza/voetbal,14.0
www.dourfestival.eu/nl,14.0
www.dourfestival.eu/nl/info/news,14.0
www.dourfestival.eu/nl/program/lineup/overview,14.0
www.pukkelpop.be/nl,14.0
www.pukkelpop.be/nl/line-up/abc,14.0
sporza.be/cm/sporza,14.0
www.vi.nl,14.0
www.vi.nl/competities.htm,14.0
www.vi.nl/competities/wedstrijden/jupiler-league-20152016-nederland.htm,14.0
www.vi.nl/competities.htm,14.0
www.vi.nl/competities/wedstrijden/uefa-champions-league-20152016-europa.htm,14.0
www.vi.nl/competities/stand/uefa-champions-league-20152016-europa.htm,14.0
www.vi.nl/competities.htm,14.0
www.vi.nl/competities/wedstrijden/wereldkampioenschap-2018-russia-wereld.htm,14.0
www.vi.nl/competities.htm,14.0
www.vi.nl/competities/wedstrijden/pro-league-20152016-belgie.htm,14.0
sporza.be/cm/sporza,14.0
sporza.be/cm/sporza/voetbal,14.0
sporza.be/cm/sporza/voetbal/Jupiler_Pro_League,14.0
sporza.be/cm/sporza/voetbal/Jupiler_Pro_League/2.5199,14.0
www.pukkelpop.be/nl,14.0
www.dourfestival.eu/nl,14.0
www.dourfestival.eu/nl/info/at-the-festival,14.0
www.dourfestival.eu/nl/tickets-reservations/ticket,14.0
www.dourfestival.eu/nl/tickets-reservations/ticket/pass,14.0
www.dourfestival.eu/nl/tickets-reservations/ticket/pass/nocamping,14.0
www.pukkelpop.be/nl,14.0
www.pukkelpop.be/nl/line-up/donderdag,14.0
www.pukkelpop.be/nl/line-up/abc,14.0
www.vi.nl,14.0
www.vi.nl/teams/team/psv.htm,14.0
www.vi.nl/teams/wedstrijden/psv.htm,14.0
www.vi.nl/competities.htm,14.0
www.vi.nl/competities/wedstrijden/eredivisie-20152016-nederland.htm,14.0
www.vi.nl/competities/stand/eredivisie-20152016-nederland.htm,14.0
www.vi.nl/competities/rankings/eredivisie-20152016-nederland.htm,14.0
www.vi.nl/competities.htm,14.0
www.vi.nl/competities/wedstrijden/pro-league-20152016-belgie.htm,14.0
sporza.be/cm/sporza/voetbal,14.0
www.dourfestival.eu/nl,14.0
www.dourfestival.eu/nl/program,14.0
www.dourfestival.eu/nl/program/lineup/overview,14.0
www.dourfestival.eu/nl/tickets-reservations,14.0
www.dourfestival.eu/nl/tickets-reservations/ticket,14.0
www.dourfestival.eu/nl/tickets-reservations/ticket/pass,14.0
www.dourfestival.eu/nl/tickets-reservations/ticket/pass/nocamping,14.0
www.vi.nl,14.0
www.vi.nl/competities.htm,14.0
www.vi.nl/competities/wedstrijden/pro-league-20152016-belgie.htm,14.0
www.vi.nl/competities/rankings/pro-league-20152016-belgie.htm,14.0
www.vi.nl,14.0
www.vi.nl/competities.htm,14.0
www.vi.nl/competities/wedstrijden/eredivisie-20152016-nederland.htm,14.0
www.vi.nl/teams.htm,14.0
www.vi.nl/teams/team/barcelona.htm,14.0
www.vi.nl/competities.htm,14.0
www.vi.nl/competities/wedstrijden/pro-league-20152016-belgie.htm,14.0
www.vi.nl/competities/wedstrijden/pro-league-20152016-belgie.htm,14.0
sporza.be/cm/sporza/voetbal/Rode_Duivels/1.2611632,14.0
www.pukkelpop.be/nl,14.0
www.pukkelpop.be/nl/camping,14.0
www.pukkelpop.be/nl/faq,14.0
www.dourfestival.eu/nl,14.0
www.dourfestival.eu/nl/tickets-reservations,14.0
www.dourfestival.eu/nl/tickets-reservations/ticket,14.0
www.dourfestival.eu/nl/tickets-reservations/ticket/pass,14.0
www.dourfestival.eu/nl/tickets-reservations/ticket/pass/nocamping,14.0
www.vi.nl,14.0
www.vi.nl/teams/team/psv.htm,14.0
www.vi.nl/teams/wedstrijden/psv.htm,14.0
www.vi.nl/competities.htm,14.0
www.vi.nl/competities/wedstrijden/eredivisie-20152016-nederland.htm,14.0
www.dourfestival.eu/nl,14.0
www.dourfestival.eu/nl/tickets-reservations,14.0
www.dourfestival.eu/nl/tickets-reservations/ticket,14.0
www.dourfestival.eu/nl/program/lineup/overview,14.0
www.dourfestival.eu/nl/tickets-reservations/ticket,14.0
www.dourfestival.eu/nl/tickets-reservations/ticket/pass,14.0
www.dourfestival.eu/nl/tickets-reservations/ticket/pass/nocamping,14.0
www.pukkelpop.be/nl,14.0
www.pukkelpop.be/nl/line-up/abc,14.0
sporza.be/cm/sporza,14.0
sporza.be/cm/sporza/voetbal,14.0
sporza.be/cm/sporza/voetbal/Jupiler_Pro_League,14.0
showrss.info,14.0
toledo.kuleuven.be,14.0
p.cygnus.cc.kuleuven.be/webapps/blackboard/execute,14.0
p.cygnus.cc.kuleuven.be/webapps/discussionboard/do,14.0
tweakers.net,14.0
tweakers.net/reviews,14.0
tweakers.net/pricewatch,14.0
www.dourfestival.eu/nl,14.0
www.dourfestival.eu/nl/tickets-reservations/ticket,14.0
www.dourfestival.eu/nl/tickets-reservations/ticket/pass,14.0
www.dourfestival.eu/nl/tickets-reservations/ticket/pass/nocamping,14.0
www.vi.nl,14.0
www.vi.nl/teams.htm,14.0
www.vi.nl/teams/team/barcelona.htm,14.0
www.vi.nl/teams/wedstrijden/barcelona.htm,14.0
www.vi.nl/competities.htm,14.0
sporza.be/cm/sporza/wielrennen,14.0
sporza.be/cm/sporza/wielrennen/kalender/1.516165,14.0
www.dourfestival.eu/nl,14.0
www.dourfestival.eu/nl/program,14.0
www.dourfestival.eu/nl/program/lineup/overview,14.0
sporza.be/cm/sporza/voetbal,14.0
sporza.be/cm/sporza/voetbal/Jupiler_Pro_League,14.0
sporza.be/cm/sporza/voetbal/Jupiler_Pro_League/2.5199,14.0
augment.cs.kuleuven.be/wiki/index.php/Main_Page,14.0
augment.cs.kuleuven.be/wiki/index.php/Main_Page,14.0
sporza.be/cm/sporza,14.0
sporza.be/cm/sporza/voetbal,14.0
sporza.be/cm/sporza/voetbal/Jupiler_Pro_League,14.0
www.leuven.be/leven/huisvuil-milieu/afval/ophaalkalenders/index.jsp,14.0
www.leuven.be/info/index.jsp,14.0
www.leuven.be/index.jsp,14.0
jeugdwerk.mijnleuven.be/app/views/contacts,14.0
jeugdwerk.mijnleuven.be/app/views/camptransportations,14.0
jeugdwerk.mijnleuven.be/app/views/accounts,14.0
www.tripadvisor.nl,14.0
www.vakantiepiraten.nl,14.0
tweakers.net,14.0
tweakers.net/reviews,14.0
tweakers.net/pricewatch,14.0
www.vakantiepiraten.nl,14.0
www.dourfestival.eu/nl,14.0
www.dourfestival.eu/nl/tickets-reservations,14.0
www.dourfestival.eu/nl/tickets-reservations/ticket,14.0
www.dourfestival.eu/nl/tickets-reservations/ticket/pass,14.0
www.dourfestival.eu/nl/tickets-reservations/ticket/pass/nocamping,14.0
p.cygnus.cc.kuleuven.be/webapps/blackboard/execute,15.0
wiki.associatie.kuleuven.be/aplai,15.0
toledo.kuleuven.be/portal,15.0
p.cygnus.cc.kuleuven.be/webapps/blackboard/execute,15.0
wiki.associatie.kuleuven.be/aplai/index.php/Hoofdpagina,15.0
www.reddit.com/r/all,15.0
www.reddit.com/r/all,15.0
www.reddit.com/r/all,15.0
www.reddit.com/r/all,15.0
www.reddit.com/r/all,15.0
www.reddit.com/r/all,15.0
p.cygnus.cc.kuleuven.be/webapps/blackboard/execute,15.0
www.reddit.com/r/all,15.0
www.reddit.com/r/all,15.0
www.reddit.com/r/all,15.0
p.cygnus.cc.kuleuven.be/webapps/blackboard/execute,15.0
p.cygnus.cc.kuleuven.be/webapps/blackboard/content,15.0
www.reddit.com/r/gaming,15.0
p.cygnus.cc.kuleuven.be/webapps/blackboard/execute,15.0
p.cygnus.cc.kuleuven.be/webapps/blackboard/content,15.0
www.reddit.com/r/gaming,15.0
p.cygnus.cc.kuleuven.be/webapps/blackboard/execute,15.0
p.cygnus.cc.kuleuven.be/webapps/blackboard/content,15.0
p.cygnus.cc.kuleuven.be/webapps/blackboard/execute,15.0
p.cygnus.cc.kuleuven.be/webapps/blackboard/execute/course/tools,15.0
p.cygnus.cc.kuleuven.be/webapps/discussionboard/do,15.0
www.reddit.com/r/gaming,15.0
www.reddit.com/r/gaming,15.0
www.reddit.com/r/worldnews,15.0
www.reddit.com/r/nintendo,15.0
www.reddit.com/r/nintendo,15.0
p.cygnus.cc.kuleuven.be/webapps/blackboard/execute,15.0
p.cygnus.cc.kuleuven.be/webapps/blackboard/content,15.0
p.cygnus.cc.kuleuven.be/webapps/blackboard/content,15.0
p.cygnus.cc.kuleuven.be/webapps/blackboard/execute,15.0
wiki.associatie.kuleuven.be/aplai/index.php/Hoofdpagina,15.0
www.reddit.com/r/nintendo,15.0
www.reddit.com/r/nintendo,15.0
www.reddit.com/r/nintendo,15.0
www.reddit.com/r/pokemongo,15.0
www.reddit.com/r/pokemongo,15.0
www.reddit.com/r/TheSilphRoad/comments/48r0rs/dont_lose_hope_heres_some_reasons_why_i_think,15.0
www.reddit.com/r/pokemongo,15.0
www.reddit.com/r/gamedev,15.0
www.reddit.com/r/gamedev,15.0
www.reddit.com/r/Unity3D,15.0
www.reddit.com/r/Unity3D,15.0
www.reddit.com/r/Unity3D,15.0
www.reddit.com/r/unrealengine,15.0
www.reddit.com/r/unrealengine,15.0
www.reddit.com/r/Advance_Wars,15.0
www.reddit.com/r/Advance_Wars/comments/48myft/advance_wars_dual_strike_hard_campaign_max,15.0
www.reddit.com/r/Advance_Wars,15.0
www.reddit.com/r/Advance_Wars,15.0
www.reddit.com/r/TheMakingOfGames,15.0
www.reddit.com/r/all,15.0
www.reddit.com/r/all,15.0
www.reddit.com/r/all,15.0
www.reddit.com/r/all,15.0
www.reddit.com/r/all,15.0
www.reddit.com/r/RoomPorn/comments/48rw0h/comfy_movie_theater_634_x_423,15.0
www.reddit.com/r/all,15.0
www.reddit.com/r/all,15.0
www.reddit.com/r/all,15.0
www.reddit.com/r/all,15.0
www.reddit.com/r/all,15.0
www.reddit.com/r/all,15.0
www.reddit.com/r/all,15.0
www.reddit.com/r/all,15.0
www.reddit.com/r/gaming,15.0
www.reddit.com/r/Advance_Wars,15.0
p.cygnus.cc.kuleuven.be/webapps/blackboard/execute,15.0
wiki.associatie.kuleuven.be/aplai,15.0
p.cygnus.cc.kuleuven.be/webapps/blackboard/execute,15.0
p.cygnus.cc.kuleuven.be/webapps/blackboard/content,15.0
wiki.associatie.kuleuven.be/aplai/index.php/ECLiPSe_Exercises,15.0
twitter.com,15.0
besiktasarena.com,15.0
besiktasarena.com/index.php,15.0
besiktasarena.com/vodafone-arena-stadyum-projesi,15.0
besiktasarena.com/vodafone-arena-stadyum-projesi/vodafone-arena-stadyum-projesi-8-(seref-bey-stadyum-projesi)/5550,15.0
besiktasarena.com/vodafone-arena-stadyum-projesi/vodafone-arena-stadyum-projesi-8-(seref-bey-stadyum-projesi)/5550,15.0
www.reddit.com/r/turkey,15.0
www.reddit.com/r/Turkey/comments/4amlmx/british_academic_detained_by_istanbul_police_over,15.0
www.reddit.com/r/Turkey,15.0
www.ligtv.com.tr,15.0
www.ligtv.com.tr/fotogaleri/besiktas-seneye-de-favori,15.0
www.ligtv.com.tr,15.0
www.ligtv.com.tr/fotogaleri/zirvede-kalan-maclar,15.0
www.ligtv.com.tr,15.0
www.facebook.com,15.0
www.google.be,15.0
www.freepik.com/free-photos-vectors/invitation,15.0
www.freepik.com,15.0
www.freepik.com,15.0
www.freepik.com,15.0
www.freepik.com,15.0
www.freepik.com/free-vector/brown-elegant-invitation-card_842687.htm,15.0
www.freepik.com,15.0
www.freepik.com,15.0
www.freepik.com/free-vector/vintage-invitation-card_841974.htm,15.0
www.bestpsdfreebies.com/freebies,15.0
www.bestpsdfreebies.com/freebie/modern-infographics-vector-pack,15.0
www.bestpsdfreebies.com/freebies,15.0
www.bestpsdfreebies.com/freebies,15.0
www.bestpsdfreebies.com/freebies,15.0
www.google.com,15.0
www.google.com,15.0
freepsdflyer.com,15.0
freepsdflyer.com/page/2,15.0
freepsdflyer.com/page/3,15.0
freepsdflyer.com/page/4,15.0
freepsdflyer.com/page/5,15.0
freepsdflyer.com/page/6,15.0
freepsdflyer.com/free-barbecue-flyer,15.0
freepsdfiles.net/print-templates/free-psd-flyer-template,15.0
freepsdfiles.net/backgrounds,15.0
freepsdfiles.net/backgrounds/free-psd-retro-backgrounds,15.0
www.google.com,15.0
www.google.com,15.0
www.dafont.com,15.0
www.dafont.com,15.0
www.dafont.com,15.0
www.google.com,15.0
www.google.com,15.0
www.google.com,15.0
www.google.com,15.0
www.google.com,15.0
www.google.com,15.0
www.google.com,15.0
www.google.com,15.0
www.youtube.com,15.0
www.google.com,15.0
www.google.com,15.0
www.haberturk.com,15.0
eksisozluk.com,15.0
eksisozluk.com,15.0
www.haberturk.com,15.0
www.dafont.com,15.0
www.dafont.com,15.0
freepsdfiles.net,15.0
sporza.be/cm/sporza/videozone/sporten/v-wielrennen/E3_Harelbeke,16.0
sporza.be/cm/sporza/videozone/programmas/sportweekend,16.0
sporza.be/cm/sporza/videozone/sporten,16.0
sporza.be/cm/sporza/videozone/1.2612526,16.0
sporza.be/cm/sporza/videozone/v_FIFAWK_voetbal/RodeDuivels/1.2612524,16.0
sporza.be/cm/sporza/videozone/v_FIFAWK_voetbal/RodeDuivels/1.2612524,16.0
deredactie.be/cm/vrtnieuws,16.0
deredactie.be/cm/vrtnieuws/binnenland,16.0
deredactie.be/cm/vrtnieuws/binnenland/1.2612463,16.0
deredactie.be/cm/vrtnieuws/politiek/1.2612398,16.0
deredactie.be/cm/vrtnieuws/cultuur%2Ben%2Bmedia/media/1.2612124,16.0
www.reddit.com,16.0
www.reddit.com,16.0
www.reddit.com,16.0
www.reddit.com,16.0
www.reddit.com/new,16.0
www.reddit.com/new,16.0
www.hln.be,16.0
www.hln.be,16.0
www.hln.be/hln/nl/37/Psycho/article/detail/2648587/2016/03/23/Een-meditatie-app-of-kleuren-voor-volwassenen-werkt-dat-echt-tegen-stress.dhtml,16.0
www.hln.be/hln/nl/36484/Aanslagen-Brussel/article/detail/2658650/2016/03/26/31-doden-bij-terreur-Brussel-al-24-mensen-geidentificeerd.dhtml,16.0
www.hln.be/hln/nl/923/Sport/index.dhtml,16.0
deredactie.be/cm/vrtnieuws/buitenland/1.2612442,16.0
www.reddit.com/r/Jokes/comments/4bzb1n/when_does_a_joke_become_a_dad_joke,16.0
www.reddit.com/r/Jokes/comments/4bzb1n/when_does_a_joke_become_a_dad_joke,16.0
www.nieuwsblad.be,17.0
www.nieuwsblad.be/cnt/dmf20160323_02198147,17.0
www.nieuwsblad.be/sportwereld,17.0
www.nieuwsblad.be/cnt/dmf20160322_02196788,17.0
www.nieuwsblad.be/regio/startgemeente,17.0
www.nieuwsblad.be/regio/leuven,17.0
www.nieuwsblad.be/regio/leuven,17.0
www.nieuwsblad.be/regio/leuven,17.0
www.nieuwsblad.be/regio/startgemeente,17.0
www.9lives.be,17.0
www.9lives.be/forum,17.0
www.9lives.be/forum/werk-studie,17.0
www.9lives.be/forum/werk-studie/966156-attn-studenten-steun-en-klaagthread-v3-deel-26-a-161.html,17.0
www.9lives.be/forum,17.0
www.cinemablend.com,17.0
www.cinemablend.com/reviews/Batman-V-Superman-Dawn-Justice-69647.html,17.0
www.cinemablend.com/reviews,17.0
www.cinemablend.com/reviews,17.0
www.cinemablend.com/reviews,17.0
www.cinemablend.com/reviews/Gods-Egypt-69427.html,17.0
www.cinemablend.com/superheroes,17.0
www.cinemablend.com/television/12-Great-Marvel-Easter-Eggs-Daredevil-Season-2-126387.html,17.0
www.cinemablend.com/television/12-Great-Marvel-Easter-Eggs-Daredevil-Season-2-126387-p2.html,17.0
www.cinemablend.com/superheroes,17.0
www.cinemablend.com/television/How-Last-Night-Big-Reveal-Could-Affect-Supergirl-Moving-Forward-126277.html,17.0
www.cinemablend.com/superheroes,17.0
www.cinemablend.com/games,17.0
www.cinemablend.com/games/Hitman-Dev-Asks-Players-Which-Gary-They-Rather-Kill-Promo-Video-126417.html,17.0
www.cinemablend.com/games,17.0
www.cinemablend.com,17.0
www.cinemablend.com,17.0
www.cinemablend.com/games/Her-Story-Takes-Grand-Prize-Independent-Games-Festival-Awards-125467.html,17.0
www.sharelatex.com/project,18.0
www.sharelatex.com/user/settings,18.0
duckduckgo.com,18.0
duckduckgo.com,18.0
www.evernote.com/Settings.action,18.0
encrypted.google.com,18.0
chirodiner.fock.be,18.0
www.hln.be,18.0
www.hln.be/regio/nieuws-uit-mol,18.0
www.hln.be/regio/nieuws-uit-mol,18.0
www.hln.be/regio/nieuws-uit-mol,18.0
www.cnbc.com/world,18.0
www.cnbc.com/financial-advisors,18.0
www.cnbc.com/personal-finance,18.0
www.cnbc.com/personal-finance,18.0
www.cnbc.com/us-markets,18.0
www.cnbc.com/personal-finance,18.0
www.cnbc.com/college,18.0
9gag.com,18.0
eu.battle.net/wow/en,18.0
eu.battle.net/wow/en/forum,18.0
eu.battle.net/wow/en/forum/872818,18.0
eu.battle.net/wow/en/forum/872818,18.0
eu.battle.net/wow/en/forum/872818,18.0
eu.battle.net/wow/en/forum/872818,18.0
eu.battle.net/wow/en/forum/872818,18.0
eu.battle.net/wow/en/forum/872818,18.0
eu.battle.net/wow/en/forum,18.0
www.hln.be,18.0
www.hln.be,18.0
www.hln.be/hln/nl/957/Binnenland/article/detail/2657972/2016/03/26/Bespuwd-en-trap-in-kruis-man-filmt-verkeersagressie-op-snelweg-met-dashcam.dhtml,18.0
www.hln.be,18.0
www.hln.be/hln/nl/958/iHLN/index.dhtml,18.0
www.nieuwsblad.be,18.0
toledo.kuleuven.be,18.0
p.cygnus.cc.kuleuven.be/webapps/blackboard/execute,18.0
www.hln.be,18.0
www.hln.be/hln/nl/36484/Aanslagen-Brussel/article/detail/2658680/2016/03/26/MIVB-kreeg-geen-enkele-vraag-om-metroverkeer-stil-te-leggen.dhtml,18.0
www.hln.be,18.0
www.hln.be/regio/nieuws-uit-turnhout,18.0
www.benl.ebay.be,18.0
www.benl.ebay.be/sch/Computer-PDA-/160/i.html,18.0
www.benl.ebay.be/sch/Computer-PDA-/160/i.html,18.0
www.benl.ebay.be/sch/Computer-PDA-/160/i.html,18.0
www.benl.ebay.be/sch/PDA-Toebehoren-/111413/i.html,18.0
www.benl.ebay.be/sch/PDA-Toebehoren-/111413/i.html,18.0
www.benl.ebay.be,18.0
www.benl.ebay.be/sch/Computer-PDA-/160/i.html,18.0
www.benl.ebay.be/sch/Pcs-/3736/i.html,18.0
www.benl.ebay.be/sch/Pcs-/3736/i.html,18.0
www.benl.ebay.be/sch/Pcs-/3736/i.html,18.0
www.meteovista.be,18.0
www.meteovista.be/Go/Search,18.0
www.standaard.be,19.0
www.standaard.be/nieuws/sport,19.0
www.standaard.be/nieuws/sport/voetbal,19.0
www.standaard.be/nieuws/sport/voetbal,19.0
onderwijsaanbod.kuleuven.be/opleidingen/n,19.0
onderwijsaanbod.kuleuven.be/opleidingen/n/CQ_50268945.htm,19.0
onderwijsaanbod.kuleuven.be/opleidingen/n/SC_51230411.htm,19.0
deredactie.be/cm/vrtnieuws,19.0
deredactie.be/cm/vrtnieuws/weer,19.0
deredactie.be/cm/vrtnieuws,19.0
deredactie.be/cm/vrtnieuws,19.0
gathering.tweakers.net,19.0
gathering.tweakers.net/forum/list_topics/22,19.0
gathering.tweakers.net/forum/list_messages/1160786,19.0
gathering.tweakers.net,19.0
gathering.tweakers.net/forum/list_topics/22,19.0
gathering.tweakers.net/forum/list_messages/1160786,19.0
tweakers.net,19.0
tweakers.net/downloads/36795/mkvtoolnix-900.html,19.0
tweakers.net,19.0
www.standaard.be,19.0
www.standaard.be,19.0
www.standaard.be/cnt/dmf20160325_02205123,19.0
www.standaard.be,19.0
www.standaard.be/nieuws/sport,19.0
www.standaard.be/nieuws/sport/voetbal,19.0
www.standaard.be/cnt/dmf20160325_02204319,19.0
www.standaard.be/cnt/dmf20160326_02205678,19.0
www.reddit.com,19.0
onderwijsaanbod.kuleuven.be/opleidingen/n,19.0
onderwijsaanbod.kuleuven.be/opleidingen/n/CQ_50268945.htm,19.0
onderwijsaanbod.kuleuven.be/opleidingen/n/SC_51230411.htm,19.0
www.standaard.be,19.0
www.standaard.be/cnt/dmf20160326_02205669,19.0
www.standaard.be,19.0
www.standaard.be/nieuws/sport,19.0
www.standaard.be/nieuws/sport/voetbal,19.0
deredactie.be/cm/vrtnieuws,19.0
tweakers.net,19.0
tweakers.net/nieuws/109719/nieuwe-live-tiles-voor-windows-worden-tijdens-build-congres-getoond.html,19.0
gathering.tweakers.net,19.0
gathering.tweakers.net/forum/list_topics/22,19.0
gathering.tweakers.net/forum/list_messages/1160786,19.0
onderwijsaanbod.kuleuven.be/opleidingen/n,19.0
onderwijsaanbod.kuleuven.be/opleidingen/n/CQ_50268945.htm,19.0
onderwijsaanbod.kuleuven.be/opleidingen/n/SC_51230411.htm,19.0
www.reddit.com,19.0
www.reddit.com,19.0
sporza.be/cm/sporza,19.0
sporza.be/cm/sporza/wielrennen,19.0
sporza.be/cm/sporza/matchcenter/mc_wielrennen/Comp_voorjaar_2016/1.2587904,19.0
toledo.kuleuven.be,19.0
www.kuleuven.be/studeren,19.0
www.kuleuven.be/onderwijs/student,19.0
www.kuleuven.be/onderwijs/traject/vrijstelling/index,19.0
wiki.wina.be/examens/index.php/Hoofdpagina,19.0
wiki.wina.be/examens/index.php/Categorie:3bi,19.0
www.google.be,19.0
pythoncentral.io/execute-python-script-file-shell,19.0
www.python.org/download/releases,19.0
sporza.be/cm/sporza,19.0
sporza.be/cm/sporza/wielrennen,19.0
sporza.be/cm/sporza/matchcenter/mc_wielrennen/Comp_voorjaar_2016/1.2587904,19.0
en.wikipedia.org/wiki/Random_search,19.0
wiki.wina.be/examens/index.php/Hoofdpagina,19.0
wiki.wina.be/examens/index.php/Categorie:3bi,19.0
toledo.kuleuven.be,19.0
www.kuleuven.be/studeren,19.0
www.kuleuven.be/onderwijs/student,19.0
www.kuleuven.be/onderwijs/traject/vrijstelling/index,19.0
pythoncentral.io/execute-python-script-file-shell,19.0
www.python.org/download/releases,19.0
toledo.kuleuven.be,19.0
www.kuleuven.be/studeren,19.0
www.kuleuven.be/onderwijs/student,19.0
www.kuleuven.be/onderwijs/traject/vrijstelling/index,19.0
sporza.be/cm/sporza,19.0
sporza.be/cm/sporza/wielrennen,19.0
sporza.be/cm/sporza/matchcenter/mc_wielrennen/Comp_voorjaar_2016/1.2587904,19.0
wiki.wina.be/examens/index.php/Hoofdpagina,19.0
wiki.wina.be/examens/index.php/Categorie:3bi,19.0
pythoncentral.io/execute-python-script-file-shell,19.0
www.python.org/download/releases,19.0
en.wikipedia.org/wiki/Predictive_learning,19.0
en.wikipedia.org/wiki/Wikipedia:Stub,19.0
www.kuleuven.be/studeren,19.0
www.kuleuven.be/onderwijs/student,19.0
www.kuleuven.be/onderwijs/traject/vrijstelling/index,19.0
wiki.wina.be/examens/index.php/Hoofdpagina,19.0
wiki.wina.be/examens/index.php/Hoofdpagina,19.0
wiki.wina.be/examens/index.php/Categorie:3bi,19.0
tweakers.net,19.0
sporza.be/cm/sporza,19.0
sporza.be/cm/sporza/wielrennen,19.0
sporza.be/cm/sporza/matchcenter/mc_wielrennen/Comp_voorjaar_2016/1.2587904,19.0
tweakers.net/nieuws/109715/microsoft-begint-met-uitleveren-van-surface-hub.html,19.0
gathering.tweakers.net,19.0
gathering.tweakers.net/forum/list_topics/22,19.0
gathering.tweakers.net/forum/list_messages/1160786,19.0
www.python.org/download/releases,19.0
www.python.org/download/releases/1.6.1,19.0
en.wikipedia.org/wiki/Predictive_learning,19.0
en.wikipedia.org/wiki/Machine_learning,19.0
en.wikipedia.org/wiki/Computer_science,19.0
www.standaard.be,19.0
www.standaard.be/nieuws/sport,19.0
www.standaard.be/nieuws/sport/voetbal,19.0
www.standaard.be/cnt/dmf20160305_02166968,19.0
www.standaard.be,19.0
deredactie.be/cm/vrtnieuws,19.0
www.reddit.com,19.0
www.reddit.com,19.0
onderwijsaanbod.kuleuven.be/opleidingen/n,19.0
onderwijsaanbod.kuleuven.be/opleidingen/n/CQ_50268945.htm,19.0
onderwijsaanbod.kuleuven.be/opleidingen/n/SC_51230411.htm,19.0
deredactie.be/cm/vrtnieuws,20.0
deredactie.be/cm/vrtnieuws/binnenland,20.0
deredactie.be/cm/vrtnieuws/regio/westvlaanderen,20.0
deredactie.be/cm/vrtnieuws/politiek,20.0
www.hln.be,20.0
www.meteo.be,20.0
www.meteo.be/meteo/view/nl/65239-Home.html,20.0
www.meteo.be/meteo/view/nl,20.0
www.hln.be,20.0
www.nieuwsblad.be,20.0
www.nieuwsblad.be/regio/startgemeente,20.0
www.nieuwsblad.be/regio/knokke-heist,20.0
www.nieuwsblad.be/sportwereld,20.0
deredactie.be/cm/vrtnieuws,20.0
deredactie.be/cm/vrtnieuws/regio/westvlaanderen,20.0
deredactie.be/cm/vrtnieuws/binnenland,20.0
www.demorgen.be,21.0
www.bjluyten.net,21.0
www.bjluyten.net/index.php/route,21.0
deredactie.be/cm/vrtnieuws,21.0
www.standaard.be,21.0
www.standaard.be/cnt/dmf20160229_02156916,21.0
weekend.knack.be/lifestyle/mode/waarom-u-hier-geen-worst-dressed-lijstje-van-de-oscars-vindt/article-opinion-672167.html,21.0
toledo.kuleuven.be,21.0
p.cygnus.cc.kuleuven.be/webapps/blackboard/execute,21.0
p.cygnus.cc.kuleuven.be/webapps/blackboard/execute/course/tools,21.0
p.cygnus.cc.kuleuven.be/webapps/discussionboard/do,21.0
p.cygnus.cc.kuleuven.be/webapps/discussionboard/do,21.0
p.cygnus.cc.kuleuven.be/webapps/discussionboard/do,21.0
p.cygnus.cc.kuleuven.be/webapps/discussionboard/do,21.0
p.cygnus.cc.kuleuven.be/webapps/discussionboard/do,21.0
www.standaard.be,21.0
sporza.be/cm/sporza,21.0
toledo.kuleuven.be,21.0
www.standaard.be,21.0
www.standaard.be/cnt/dmf20160321_02195986,21.0
www.standaard.be,21.0
sporza.be/cm/sporza,21.0
www.standaard.be,21.0
www.facebook.com,21.0
www.facebook.com/messages/754932969,21.0
deredactie.be/cm/vrtnieuws,21.0
toledo.kuleuven.be,21.0
www.knack.be/nieuws,21.0
www.knack.be/nieuws,21.0
www.knack.be/nieuws,21.0
sporza.be/cm/sporza,21.0
www.knack.be/nieuws,21.0
deredactie.be/cm/vrtnieuws,21.0
sporza.be/cm/sporza,21.0
deredactie.be/cm/vrtnieuws,21.0
www.standaard.be,21.0
deredactie.be/cm/vrtnieuws,21.0
www.standaard.be,21.0
www.standaard.be/cnt/dmf20160322_02196260,21.0
deredactie.be/cm/vrtnieuws,21.0
deredactie.be/cm/vrtnieuws/2.43497/1.2608073,21.0
sporza.be/cm/sporza,21.0
www.knack.be/nieuws,21.0
toledo.kuleuven.be,21.0
toledo.kuleuven.be,21.0
deredactie.be/cm/vrtnieuws,21.0
www.google.com,21.0
www.google.com,21.0
www.google.com,21.0
en.wikipedia.org/wiki/More_cowbell,21.0
www.voetbalprimeur.be,21.0
www.knack.be/nieuws,21.0
www.knack.be/nieuws,21.0
www.knack.be/nieuws/belgie/video-s-explosies-zaventem-evacuatie-en-moment-van-explosie/article-normal-681449.html,21.0
www.standaard.be,21.0
deredactie.be/cm/vrtnieuws,21.0
www.foxnews.com,21.0
www.youtube.com,21.0
www.google.com,21.0
www.facebook.com/safetycheck/brusselsexplosions-march2016,21.0
www.facebook.com/safetycheck/brusselsexplosions-march2016,21.0
www.standaard.be,21.0
deredactie.be/cm/vrtnieuws,21.0
www.politico.com,21.0
deredactie.be/cm/vrtnieuws,21.0
sporza.be/cm/sporza,21.0
toledo.kuleuven.be,21.0
sporza.be/cm/sporza,21.0
sporza.be/cm/sporza,21.0
deredactie.be/cm/vrtnieuws,21.0
toledo.kuleuven.be,21.0
toledo.kuleuven.be,21.0
www.knack.be/nieuws,21.0
www.foxnews.com,21.0
deredactie.be/cm/vrtnieuws,21.0
deredactie.be/cm/vrtnieuws,21.0
www.standaard.be,21.0
nieuws.vtm.be,21.0
www.standaard.be/cnt/dmf20160323_02198748,21.0
www.knack.be/nieuws,21.0
www.knack.be/nieuws/belgie/ibrahim-el-bakraoui-geidentificeerd-in-zaventem-khalid-el-bakraoui-blies-zichzelf-op-in-maalbeek/live-normal-681403.html,21.0
sporza.be/cm/sporza,21.0
sporza.be/cm/sporza,21.0
sporza.be/cm/sporza,21.0
www.standaard.be,21.0
www.google.be,21.0
www.google.be,21.0
deredactie.be/cm/vrtnieuws,21.0
sporza.be/cm/sporza,21.0
www.google.be,21.0
www.google.be,21.0
toledo.kuleuven.be,21.0
p.cygnus.cc.kuleuven.be/webapps/blackboard/execute,21.0
www.vbal4.be,21.0
www.vbal4.be/p010343.htm,21.0
vtk.be,21.0
deredactie.be/cm/vrtnieuws,21.0
deredactie.be/cm/vrtnieuws/binnenland,21.0
www.meteo.be/meteo/view/nl/65239-Home.html,21.0
www.nieuwsblad.be,21.0
www.nieuwsblad.be/nieuws/binnenland,21.0
www.nieuwsblad.be/regio/startgemeente,21.0
sporza.be/cm/sporza,21.0
www.reddit.com/r/machinelearning,21.0
www.reddit.com/r/MachineLearning/top,21.0
www.reddit.com/r/news,21.0
www.reddit.com/r/news/top,21.0
www.reddit.com/r/worldnews,21.0
www.kuleuven.be/kuleuven,21.0
www.kuleuven.be/studeren,21.0
www.kuleuven.be/studenten,21.0
onderwijsaanbod.kuleuven.be/opleidingen/n,21.0
deredactie.be/cm/vrtnieuws,21.0
deredactie.be/cm/vrtnieuws/binnenland,21.0
sporza.be/cm/sporza,21.0
www.kuleuven.be/kuleuven,21.0
onderwijsaanbod.kuleuven.be/opleidingen/n,21.0
onderwijsaanbod.kuleuven.be/opleidingen/n,21.0
www.reddit.com,21.0
www.reddit.com/r/worldnews,21.0
www.reddit.com/r/worldnews/top,21.0
www.reddit.com/r/news,21.0
www.nieuwsblad.be,21.0
www.meteo.be/meteo/view/nl/65239-Home.html,21.0
www.meteo.be/meteo/view/nl,21.0
www.kblvb.be,21.0
www.kblvb.be/Competitie/Wedstrijdplanning,21.0
www.vbal4.be,21.0
deredactie.be/cm/vrtnieuws,21.0
toledo.kuleuven.be,21.0
www.standaard.be,21.0
toledo.kuleuven.be,22.0
toledo.kuleuven.be/portal,22.0
p.cygnus.cc.kuleuven.be/webapps/blackboard/execute,22.0
p.cygnus.cc.kuleuven.be/webapps/blackboard/execute/course/tools,22.0
p.cygnus.cc.kuleuven.be/webapps/discussionboard/do,22.0
p.cygnus.cc.kuleuven.be/webapps/discussionboard/do,22.0
p.cygnus.cc.kuleuven.be/webapps/discussionboard/do,22.0
p.cygnus.cc.kuleuven.be/webapps/discussionboard/do,22.0
p.cygnus.cc.kuleuven.be/webapps/discussionboard/do,22.0
www.kuleuven.be/kuleuven,22.0
www.kuleuven.be/studenten,22.0
onderwijsaanbod.kuleuven.be/opleidingen/n,22.0
onderwijsaanbod.kuleuven.be/opleidingen/n/CQ_50268945.htm,22.0
onderwijsaanbod.kuleuven.be/opleidingen/n/SC_51230411.htm,22.0
p.cygnus.cc.kuleuven.be/webapps/discussionboard/do,22.0
p.cygnus.cc.kuleuven.be/webapps/discussionboard/do,22.0
p.cygnus.cc.kuleuven.be/webapps/discussionboard/do,22.0
p.cygnus.cc.kuleuven.be/webapps/discussionboard/do,22.0
p.cygnus.cc.kuleuven.be/webapps/discussionboard/do,22.0
p.cygnus.cc.kuleuven.be/webapps/discussionboard/do,22.0
p.cygnus.cc.kuleuven.be/webapps/discussionboard/do,22.0
p.cygnus.cc.kuleuven.be/webapps/discussionboard/do,22.0
www.kuleuven.be/kuleuven,22.0
onderwijsaanbod.kuleuven.be/opleidingen/n,22.0
onderwijsaanbod.kuleuven.be/opleidingen/n/CQ_50268945.htm,22.0
onderwijsaanbod.kuleuven.be/opleidingen/n/SC_51230411.htm,22.0
onderwijsaanbod.kuleuven.be/syllabi/e/H02C1AE.htm,22.0
onderwijsaanbod.kuleuven.be/syllabi/e/H02C1AE.htm,22.0
onderwijsaanbod.kuleuven.be/opleidingen/e/SC_51016880.htm,22.0
www.kuleuven.be/wieiswie/en/person/00003755,22.0
www.kuleuven.be/wieiswie/en/unit/50017710,22.0
www.kuleuven.be/wieiswie/en/person/00015195,22.0
www.kuleuven.be/wieiswie/en/person/00015195,22.0
www.kuleuven.be/wieiswie/en/person/00015195,22.0
www.kuleuven.be/english,22.0
www.kuleuven.be/kuleuven,22.0
onderwijsaanbod.kuleuven.be/opleidingen/n,22.0
onderwijsaanbod.kuleuven.be/opleidingen/n/CQ_50268945.htm,22.0
onderwijsaanbod.kuleuven.be/opleidingen/n/SC_51230411.htm,22.0
onderwijsaanbod.kuleuven.be/syllabi/e/H0T25AE.htm,22.0
onderwijsaanbod.kuleuven.be/opleidingen/n/SC_51230411.htm,22.0
onderwijsaanbod.kuleuven.be/syllabi/n/G0K32AN.htm,22.0
www.kuleuven.be/kuleuven,22.0
www.kuleuven.be/studeren,22.0
www.kuleuven.be/studentenvoorzieningen,22.0
www.kuleuven.be/studentenvoorzieningen/studentenvoorzieningenleuven_index,22.0
www.kuleuven.be/studentenvoorzieningen/jobdienst,22.0
www.kuleuven.be/studentenvoorzieningen/jobdienst/jobstudent,22.0
www.kuleuven.be/studentenvoorzieningen/jobdienst/jobstudent,22.0
www.kuleuven.be/studentenvoorzieningen/jobdienst/werkgever/index.html,22.0
bib.kuleuven.be,22.0
bib.kuleuven.be/ub/over,22.0
bib.kuleuven.be/universiteitsarchief,22.0
bib.kuleuven.be/universiteitsarchief/studiezaal,22.0
bib.kuleuven.be/universiteitsarchief/collecties,22.0
bib.kuleuven.be/universiteitsarchief/collecties/musea,22.0
bib.kuleuven.be/universiteitsarchief/collecties/musea,22.0
www.kuleuven.be/over-kuleuven,22.0
www.economist.com,22.0
www.economist.com/news/world-week/21695571-politics-week,22.0
jobs.economist.com,22.0
flask.pocoo.org,22.0
flask.pocoo.org/docs/0.10,22.0
flask.pocoo.org/docs/0.10/foreword,22.0
flask.pocoo.org/docs/0.10/becomingbig,22.0
flask.pocoo.org/docs/0.10/api,22.0
github.com/mitsuhiko/flask/wiki,22.0
www.google.be,22.0
nl.wikipedia.org/wiki/Raymond_Feist,22.0
af.wikipedia.org/wiki/Los_Angeles,22.0
af.wikipedia.org/wiki/Verenigde_State,22.0
af.wikipedia.org/wiki/Republiek,22.0
af.wikipedia.org/wiki/Latyn,22.0
af.wikipedia.org/wiki/Rome,22.0
af.wikipedia.org/wiki/Hoofstad,22.0
af.wikipedia.org/wiki/Provinsie,22.0
af.wikipedia.org/wiki/Woiwodskap,22.0
af.wikipedia.org/wiki/Hertog,22.0
af.wikipedia.org/wiki/Staatshoof,22.0
af.wikipedia.org/wiki/Staat,22.0
ca.wikipedia.org/wiki/Autoritat,22.0
ca.wikipedia.org/wiki/Personalitat_autorit%C3%A0ria,22.0
ca.wikipedia.org/wiki/Psicologia_social,22.0
ca.wikipedia.org/wiki/Psicologia,22.0
ca.wikipedia.org/wiki/Ci%C3%A8ncia,22.0
ca.wikipedia.org/wiki/Etimologia,22.0
ca.wikipedia.org/wiki/Ling%C3%BC%C3%ADstica,22.0
ang.wikipedia.org/wiki/Witancr%C3%A6ft,22.0
ang.wikipedia.org/wiki/N%C4%ABwenglisc_spr%C7%A3c,22.0
ang.wikipedia.org/wiki/Westgermanisca_spr%C7%A3ca,22.0
en.wikipedia.org/wiki/Linguistics,22.0
en.wikipedia.org/wiki/Corpus_linguistics,22.0
en.wikipedia.org/wiki/Sanskrit,22.0
en.wikipedia.org/wiki/Poetry,22.0
en.wikipedia.org/wiki/Literature,22.0
en.wikipedia.org/wiki/Writing,22.0
en.wikipedia.org/wiki/Communication,22.0
en.wikipedia.org/wiki/Latin,22.0
en.wikipedia.org/wiki/Classical_language,22.0
en.wikipedia.org/wiki/Language,22.0
deredactie.be/cm/vrtnieuws,23.0
deredactie.be/cm/vrtnieuws/videozone,23.0
deredactie.be/cm/vrtnieuws/videozone/programmas/journaal,23.0
deredactie.be/cm/vrtnieuws/videozone/programmas/terzake,23.0
deredactie.be/cm/vrtnieuws/videozone/60%2Bseconden,23.0
deredactie.be/cm/vrtnieuws/videozone/programmas,23.0
www.standaard.be,23.0
www.standaard.be/nieuws/binnenland,23.0
www.standaard.be/plus/ochtend,23.0
www.standaard.be/nieuws/binnenland,23.0
www.standaard.be/cnt/dmf20160326_02205525,23.0
www.standaard.be/cnt/dmf20160322_02196804,23.0
www.standaard.be,23.0
www.standaard.be/nieuws/binnenland,23.0
www.standaard.be/tag/aanslagen-brussel,23.0
www.standaard.be/cnt/dmf20160326_02205521,23.0
www.standaard.be/cnt/dmf20160324_02200483,23.0
www.standaard.be/cnt/dmf20160326_02205420,23.0
sporza.be/cm/sporza,23.0
sporza.be/cm/sporza/voetbal,23.0
sporza.be/cm/sporza/matchcenter/mc_voetbal/jupilerleague_1516,23.0
sporza.be/cm/sporza/voetbal/Jupiler_Pro_League/1.2611246,23.0
www.standaard.be,23.0
www.standaard.be/cnt/dmf20160326_02205478,23.0
www.standaard.be/tag/aanslagen-brussel,23.0
www.standaard.be/cnt/dmf20160324_02200483,23.0
www.standaard.be,23.0
www.standaard.be,23.0
www.standaard.be/cnt/dmf20160326_02205564,23.0
www.standaard.be/nieuws/meest-recent,23.0
deredactie.be/cm/vrtnieuws,23.0
deredactie.be/cm/vrtnieuws/regio/brussel/1.2612568,23.0
deredactie.be/cm/vrtnieuws/videozone,23.0
deredactie.be/cm/vrtnieuws/videozone/programmas,23.0
deredactie.be/cm/vrtnieuws/videozone/Gezienoptv/1.2612296,23.0
deredactie.be/cm/vrtnieuws/videozone/programmas/terzake,23.0
deredactie.be/cm/vrtnieuws/videozone/meestbekeken,23.0
deredactie.be/cm/vrtnieuws/videozone/nieuws/buitenland/1.2612414,23.0
deredactie.be/cm/vrtnieuws/videozone/programmas/journaal,23.0
eng.kuleuven.be,23.0
eng.kuleuven.be/studenten,23.0
eng.kuleuven.be/studenten/programmas/index.html,23.0
onderwijsaanbod.kuleuven.be/opleidingen/n/F_50000486.htm,23.0
onderwijsaanbod.kuleuven.be/opleidingen/n/CQ_50268945.htm,23.0
onderwijsaanbod.kuleuven.be/opleidingen/n/SC_51230411.htm,23.0
onderwijsaanbod.kuleuven.be/syllabi/e/H0T25AE.htm,23.0
onderwijsaanbod.kuleuven.be/syllabi/e/H0T25AE.htm,23.0
onderwijsaanbod.kuleuven.be/2015/opleidingen/n/SC_51230411.htm,23.0
onderwijsaanbod.kuleuven.be/2015/syllabi/e/D0I69AE.htm,23.0
onderwijsaanbod.kuleuven.be/2015/opleidingen/n/index.htm,23.0
www.cnn.com,23.0
www.cnn.com/world,23.0
www.cnn.com/2016/03/25/europe/brussels-belgium-attack-survivor-woman-in-yellow-nidhi-chaphekar/index.html,23.0
www.cnn.com,23.0
www.cnn.com/2016/03/25/opinions/how-to-thwart-terrorist-plot-opinion-hertling/index.html,23.0
www.standaard.be/cnt/dmf20160325_02204284,23.0
www.standaard.be,23.0
www.standaard.be/nieuws/binnenland,23.0
www.standaard.be/cnt/dmf20160326_02205525,23.0
www.standaard.be/tag/aanslagen-brussel,23.0
www.standaard.be/nieuws/buitenland,23.0
www.standaard.be/nieuws/buitenland,23.0
www.standaard.be/nieuws/sport,23.0
www.standaard.be/nieuws/sport/voetbal,23.0
www.standaard.be/nieuws/sport,23.0
www.standaard.be/cnt/dmf20160325_02203505,23.0
www.standaard.be/plus/ochtend,23.0
www.standaard.be/plus,23.0
www.standaard.be/plus/ochtend,23.0
deredactie.be/cm/vrtnieuws,23.0
deredactie.be/cm/vrtnieuws/videozone,23.0
deredactie.be/cm/vrtnieuws/videozone/nieuws/politiek/1.2612587,23.0
deredactie.be/cm/vrtnieuws/2.43497,23.0
deredactie.be/cm/vrtnieuws/videozone/programmas/journaal,23.0
deredactie.be/cm/vrtnieuws/videozone/nieuws/binnenland,23.0
deredactie.be/cm/vrtnieuws/videozone/programmas/journaal,23.0
deredactie.be/cm/vrtnieuws/videozone/meestbekeken,23.0
deredactie.be/cm/vrtnieuws/videozone/programmas/journaal,23.0
deredactie.be/cm/vrtnieuws/videozone/nieuws,23.0
onderwijsaanbod.kuleuven.be/opleidingen/n/CQ_50362492.htm,23.0
onderwijsaanbod.kuleuven.be/opleidingen/n/index.htm,23.0
onderwijsaanbod.kuleuven.be/opleidingen/n/CQ_50268945.htm,23.0
onderwijsaanbod.kuleuven.be/opleidingen/n/SC_51230411.htm,23.0
onderwijsaanbod.kuleuven.be/syllabi/n/H04H0BN.htm,23.0
onderwijsaanbod.kuleuven.be/opleidingen/n/SC_51230411.htm,23.0
onderwijsaanbod.kuleuven.be/syllabi/e/H02C6AE.htm,23.0
onderwijsaanbod.kuleuven.be/opleidingen/n/SC_51230411.htm,23.0
onderwijsaanbod.kuleuven.be/syllabi/e/H0T25AE.htm,23.0
onderwijsaanbod.kuleuven.be/opleidingen/n/SC_51230411.htm,23.0
onderwijsaanbod.kuleuven.be/syllabi/e/H02H4AE.htm,23.0
onderwijsaanbod.kuleuven.be/opleidingen/e/SC_51016880.htm,23.0
onderwijsaanbod.kuleuven.be/syllabi/e/H02C4AE.htm,23.0
onderwijsaanbod.kuleuven.be/opleidingen/e/SC_51016880.htm,23.0
www.kuleuven.be/studenten,23.0
nieuws.kuleuven.be,23.0
www.kuleuven.be/kuleuven,23.0
onderwijsaanbod.kuleuven.be/opleidingen/n,23.0
onderwijsaanbod.kuleuven.be/opleidingen/n/F_50000486.htm,23.0
onderwijsaanbod.kuleuven.be/opleidingen/n/F_50000486.htm,23.0
eng.kuleuven.be/toekomstigestudenten,23.0
eng.kuleuven.be/toekomstigestudenten/burgerlijk-ingenieur,23.0
eng.kuleuven.be/studenten,23.0
eng.kuleuven.be/studenten/programmas/index.html,23.0
eng.kuleuven.be/studenten/programmas/index.html,23.0
eng.kuleuven.be/english/education/internationalisation,23.0
www.apple.com,23.0
toledo.kuleuven.be,24.0
p.cygnus.cc.kuleuven.be/webapps/blackboard/execute,24.0
p.cygnus.cc.kuleuven.be/webapps/blackboard/content,24.0
p.cygnus.cc.kuleuven.be/webapps/blackboard/content,24.0
p.cygnus.cc.kuleuven.be/webapps/blackboard/execute,24.0
p.cygnus.cc.kuleuven.be/webapps/blackboard/execute,24.0
p.cygnus.cc.kuleuven.be/webapps/blackboard/content,24.0
p.cygnus.cc.kuleuven.be/webapps/blackboard/execute,24.0
p.cygnus.cc.kuleuven.be/webapps/blackboard/content,24.0
p.cygnus.cc.kuleuven.be/webapps/blackboard/execute,24.0
yandex.ru,24.0
citeseerx.ist.psu.edu/viewdoc,24.0
godville.net/news,24.0
www.google.be,24.0
www.visitoostende.be/en,24.0
www.visitoostende.be/en/spend-night-monument,24.0
www.google.be,24.0
oostende.org/en,24.0
oostende.org/en/cat/sights,24.0
oostende.org/en/sight/1313/fort-napoleon.html,24.0
oostende.org/en/west-flanders.php,24.0
oostende.org/en/beaches.php,24.0
lenta.ru,24.0
www.coursera.org,24.0
www.coursera.org,24.0
godville.net/news,24.0
toledo.kuleuven.be,24.0
p.cygnus.cc.kuleuven.be/webapps/blackboard/execute,24.0
p.cygnus.cc.kuleuven.be/webapps/blackboard/execute/course/tools,24.0
p.cygnus.cc.kuleuven.be/webapps/discussionboard/do,24.0
www.belgianrail.be/en/Default.aspx,24.0
www.belgianrail.be/jp/sncb-nmbs-routeplanner/query.exe,24.0
www.belgianrail.be/jp/sncb-nmbs-routeplanner/query.exe,24.0
www.belgianrail.be/jp/sncb-nmbs-routeplanner/query.exe,24.0
www.belgianrail.be/jp/sncb-nmbs-routeplanner/query.exe,24.0
theprogmind.com,24.0
theprogmind.com/2016/03/26/circus-maximus-havoc,24.0
my.beeline.ru/c/pre/index.xhtml,24.0
www.bbc.com,24.0
toledo.kuleuven.be,24.0
developer.mozilla.org/en-US/Add-ons/Working_with_multiprocess_Firefox,25.0
developer.mozilla.org/en-US,25.0
developer.mozilla.org/en-US/docs/Web,25.0
toledo.kuleuven.be,25.0
p.cygnus.cc.kuleuven.be/webapps/blackboard/execute,25.0
p.cygnus.cc.kuleuven.be/webapps/blackboard/execute,25.0
toledo.kuleuven.be,25.0
p.cygnus.cc.kuleuven.be/webapps/blackboard/content,25.0
p.cygnus.cc.kuleuven.be/webapps/blackboard/content,25.0
p.cygnus.cc.kuleuven.be/webapps/blackboard/content,25.0
summerofcode.withgoogle.com,25.0
summerofcode.withgoogle.com,25.0
docs.cltk.org/en/latest,25.0
docs.cltk.org/en/latest,25.0
docs.cltk.org/en/latest/pali.html,25.0
docs.cltk.org/en/latest/tibetan.html,25.0
docs.cltk.org/en/latest/pali.html,25.0
docs.cltk.org/en/latest,25.0
summerofcode.withgoogle.com,25.0
github.com/cltk/cltk/wiki/Project-ideas,25.0
github.com/cltk/cltk/wiki/Project-ideas,25.0
github.com/cltk/cltk/wiki,25.0
github.com/cltk,25.0
github.com/cltk/sanskrit_text_jnu_tagged,25.0
owa.student.kuleuven.be/owa,25.0
p.cygnus.cc.kuleuven.be/webapps/blackboard/execute,25.0
toledo.kuleuven.be/portal,25.0
www.google.be,25.0
summerofcode.withgoogle.com/get-started,25.0
summerofcode.withgoogle.com/student-signup,25.0
www.google.be,25.0
groups.google.com/forum,25.0
summerofcode.withgoogle.com/student-signup/tos,25.0
summerofcode.withgoogle.com,25.0
summerofcode.withgoogle.com,25.0
github.com/cltk/cltk/wiki/Project-ideas,25.0
p.cygnus.cc.kuleuven.be/webapps/blackboard/content,25.0
github.com/cltk/cltk/wiki/Project-ideas,25.0
github.com/nrnb/GoogleSummerOfCode/issues,25.0
github.com/nrnb/GoogleSummerOfCode/issues/57,25.0
summerofcode.withgoogle.com,25.0
write.flossmanuals.net/gsocstudentguide/what-is-google-summer-of-code,25.0
write.flossmanuals.net/gsocstudentguide/am-i-good-enough,25.0
write.flossmanuals.net/gsocstudentguide/making-first-contact,25.0
write.flossmanuals.net/gsocstudentguide/proposal-example-1,25.0
github.com/cltk/cltk/issues,25.0
en.wikipedia.org/wiki/Earth_mover%27s_distance,25.0
github.com/mkusner,25.0
dl.acm.org,25.0
www.google.be,25.0
developers.google.com/open-source/gsoc/resources/manual,25.0
developers.google.com/open-source/gsoc/resources/glossary,25.0
github.com/piskvorky/gensim/tree/develop/gensim,25.0
summerofcode.withgoogle.com/dashboard/student/proposal/4701764959862784,25.0
lists.ensembl.org/mailman/confirm/dev,25.0
grch37.ensembl.org/Homo_sapiens/Info/Index,25.0
grch37.ensembl.org/Homo_sapiens/Gene,25.0
www.google.be,25.0
summerofcode.withgoogle.com/organizations/6373155673210880,25.0
azure.microsoft.com/en-us,25.0
azure.microsoft.com/en-us/services/iot-hub,25.0
azure.microsoft.com/en-us/pricing/details/iot-hub,25.0
azure.microsoft.com/en-us/pricing,25.0
www.apple.com,26.0
www.apple.com/mac,26.0
www.apple.com/macbook,26.0
www.apple.com/be/shop/buy-mac/macbook,26.0
www.apple.com/mac,26.0
www.apple.com/macbook,26.0
www.apple.com/be,26.0
www.apple.com/benl,26.0
www.apple.com/benl/mac,26.0
www.apple.com/benl/macbook,26.0
www.google.com,26.0
www.technobuffalo.com,26.0
www.technobuffalo.com,26.0
www.technobuffalo.com,26.0
www.technobuffalo.com/page/2,26.0
9gag.com,26.0
www.reddit.com,26.0
www.google.com,26.0
www.technobuffalo.com,26.0
9gag.com,26.0
9gag.com,26.0
www.reddit.com,26.0
onderwijsaanbod.kuleuven.be/opleidingen/n,26.0
onderwijsaanbod.kuleuven.be/opleidingen/n/CQ_50268945.htm,26.0
sporza.be/cm/sporza/matchcenter/mc_wielrennen/Comp_Ronde_van_Catalonie_2016/1.2600627,26.0
sporza.be/cm/sporza,26.0
sporza.be/cm/sporza/voetbal/Jupiler_Pro_League,26.0
www.premierleague.com/en-gb.html,26.0
www.premierleague.com/en-gb/matchday/league-table.html,26.0
www.premierleague.com/en-gb/matchday,26.0
www.quora.com/What-is-the-difference-between-Jupyter-and-IPython-Notebook,26.0
www.quora.com/Python-programming-language-1/What-is-the-difference-between-IPython-notebook-and-IDLE,26.0
www.reddit.com,26.0
sporza.be/cm/sporza,26.0
sporza.be/cm/sporza/voetbal/Jupiler_Pro_League,26.0
sporza.be/cm/sporza/voetbal/Jupiler_Pro_League/2.5199,26.0
www.premierleague.com/en-gb.html,26.0
www.premierleague.com/en-gb/matchday,26.0
onderwijsaanbod.kuleuven.be/opleidingen/n,26.0
onderwijsaanbod.kuleuven.be/opleidingen/n/CQ_50268945.htm,26.0
www.technobuffalo.com,26.0
www.technobuffalo.com,26.0
www.premierleague.com/en-gb.html,26.0
www.premierleague.com/en-gb/matchday/league-table.html,26.0
sporza.be/cm/sporza/voetbal/EK/1.2612887,26.0
sporza.be/cm/sporza/voetbal/Jupiler_Pro_League,26.0
onderwijsaanbod.kuleuven.be/opleidingen/n,26.0
onderwijsaanbod.kuleuven.be/opleidingen/n/CQ_50268945.htm,26.0
www.ormit.be,26.0
www.ormit.be/for-talents,26.0
www.ormit.be/for-talents/mcp-business-it,26.0
www.kuleuven.be/kuleuven,27.0
www.kuleuven.be/studeren,27.0
eng.kuleuven.be/studenten,27.0
eng.kuleuven.be/studenten/programmas/index.html,27.0
onderwijsaanbod.kuleuven.be/opleidingen/n/F_50000486.htm,27.0
onderwijsaanbod.kuleuven.be/opleidingen/n/CQ_50268945.htm,27.0
onderwijsaanbod.kuleuven.be/opleidingen/n/SC_51230411.htm,27.0
www.kuleuven.be/kuleuven,27.0
www.kuleuven.be/studeren,27.0
eng.kuleuven.be/studenten,27.0
eng.kuleuven.be/studenten/programmas/index.html,27.0
onderwijsaanbod.kuleuven.be/opleidingen/n/F_50000486.htm,27.0
onderwijsaanbod.kuleuven.be/opleidingen/n/CQ_50268945.htm,27.0
onderwijsaanbod.kuleuven.be/opleidingen/n/SC_51230411.htm,27.0
dtai.cs.kuleuven.be,27.0
dtai.cs.kuleuven.be/education/masterthesis,27.0
dtai.cs.kuleuven.be/education/masterthesis/guidelines,27.0
eng.kuleuven.be/onderwijs/studenten/masterproef/index.html,27.0
eng.kuleuven.be/onderwijs/studenten/masterproef/index.html,27.0
www.leuven.be,27.0
www.leuven.be/index.jsp,27.0
www.leuven.be/leven/huisvuil-milieu,27.0
www.leuven.be/leven/huisvuil-milieu/afval,27.0
scoooreleague.be,27.0
scoooreleague.be/en/statistics/statistical-leaders,27.0
scoooreleague.be/advanced_stats,27.0
en.belclimb.be/Index.asp,27.0
en.belclimb.be/home_competition.asp,27.0
en.belclimb.be,27.0
en.belclimb.be,27.0
en.belclimb.be,27.0
en.belclimb.be,27.0
www.leuven.be/index.jsp,27.0
www.leuven.be/leven/mobiliteit-openbare-werken,27.0
www.leuven.be/leven/mobiliteit-openbare-werken/parkeren,27.0
wms.cs.kuleuven.be/cs,27.0
wms.cs.kuleuven.be/cs/studenten,27.0
wms.cs.kuleuven.be/cs/opleidingen/master-computerwetenschappen/master-computerwetenschappen.html,27.0
wms.cs.kuleuven.be/cs/opleidingen/master-computerwetenschappen/huidige-studenten/huidige-studenten,27.0
www2.cs.kuleuven.be/cs/studenten/eindwerken/20162017/onderwerpen/onderwerpen.shtml,27.0