2016-02-29T15:23:46.672Z,load,www.reddit.com,/r/ProgrammerHumor,0.0
2016-02-29T15:23:46.672Z,load,www.reddit.com,/r/ProgrammerHumor,0.0
2016-02-29T15:23:47.375Z,load,www.reddit.com,/r/photoshopbattles,0.0
2016-02-29T15:23:47.375Z,load,www.reddit.com,/r/photoshopbattles,0.0
2016-02-29T15:25:56.251Z,load,www.reddit.com,/r/recruitinghell/comments/45n7w7/recruiter_what_was_your_salary_at_your_previous/,0.0
2016-02-29T15:25:56.251Z,load,www.reddit.com,/r/recruitinghell/comments/45n7w7/recruiter_what_was_your_salary_at_your_previous/,0.0
2016-02-29T15:27:44.716Z,load,www.reddit.com,/r/recruitinghell/comments/437tt5/you_woke_me_up_for_this/,0.0
2016-02-29T15:27:44.716Z,load,www.reddit.com,/r/recruitinghell/comments/437tt5/you_woke_me_up_for_this/,0.0
2016-02-29T15:28:00.394Z,load,www.reddit.com,/r/photoshopbattles/comments/488v5v/psbattle_dicaprio_gets_an_oscar_for_best_actor/,0.0
2016-02-29T15:28:00.394Z,load,www.reddit.com,/r/photoshopbattles/comments/488v5v/psbattle_dicaprio_gets_an_oscar_for_best_actor/,0.0
2016-02-29T15:30:19.636Z,load,www.reddit.com,/r/photoshopbattles/comments/488v5v/psbattle_dicaprio_gets_an_oscar_for_best_actor/,0.0
2016-02-29T15:30:19.636Z,load,www.reddit.com,/r/photoshopbattles/comments/488v5v/psbattle_dicaprio_gets_an_oscar_for_best_actor/,0.0
2016-02-29T15:31:31.752Z,load,www.nieuwsblad.be,/cnt/dmf20160229_02155576,0.0
2016-02-29T15:31:31.752Z,load,www.nieuwsblad.be,/cnt/dmf20160229_02155576,0.0
2016-02-29T16:24:38.515Z,load,www.overleaf.com,/plans,0.0
2016-02-29T16:25:38.781Z,load,www.overleaf.com,/plans,0.0
2016-02-29T16:25:40.599Z,load,www.overleaf.com,/latex/templates,0.0
2016-02-29T16:26:02.833Z,load,www.overleaf.com,/latex/templates,0.0
2016-02-29T16:26:16.058Z,load,www.overleaf.com,/latex/templates,0.0
2016-03-01T10:21:48.766Z,load,uk.businessinsider.com,/tech,0.0
2016-03-02T19:00:38.761Z,load,uk.businessinsider.com,/tech,0.0
2016-03-06T18:58:09.563Z,load,uk.businessinsider.com,/tech,0.0
2016-03-06T19:04:32.579Z,load,uk.businessinsider.com,/tech,0.0
2016-03-16T14:54:28.654Z,load,www.hln.be,/hln/nl/923/Sport/index.dhtml,0.0
2016-03-16T14:54:32.749Z,load,www.hln.be,/hln/nl/9090/Voetbal/index.dhtml,0.0
2016-03-16T14:55:38.741Z,load,www.hln.be,/hln/nl/9090/Voetbal/index.dhtml,0.0
2016-03-16T14:57:04.017Z,load,sporza.be,/cm/sporza/voetbal,0.0
2016-03-16T14:57:16.117Z,load,sporza.be,/cm/sporza/voetbal/Jupiler_Pro_League,0.0
2016-03-16T14:57:25.625Z,load,sporza.be,/cm/sporza/matchcenter/mc_voetbal/jupilerleague_1516/JPL_PO_speeldag1,0.0
2016-03-16T14:59:22.859Z,load,www.kuleuven.be,/toekomstigestudenten/info-per-campus.php,0.0
2016-03-16T14:59:31.966Z,load,www.kuleuven.be,/campus/leuven/index.html,0.0
2016-03-16T14:59:55.117Z,load,onderwijsaanbod.kuleuven.be,/opleidingen/n/CQ_50268901.htm,0.0
2016-03-16T15:00:05.069Z,load,onderwijsaanbod.kuleuven.be,/opleidingen/n/SC_51016775.htm,0.0
2016-03-16T15:01:01.349Z,load,www.hln.be,/hln/nl/923/Sport/index.dhtml,0.0
2016-03-16T15:01:05.922Z,load,www.hln.be,/hln/nl/9090/Voetbal/index.dhtml,0.0
2016-03-16T15:01:24.690Z,load,sporza.be,/cm/sporza/voetbal,0.0
2016-03-16T15:01:30.899Z,load,sporza.be,/cm/sporza/voetbal/Jupiler_Pro_League,0.0
2016-03-16T15:01:33.809Z,load,sporza.be,/cm/sporza/matchcenter/mc_voetbal/jupilerleague_1516/JPL_PO_speeldag1,0.0
2016-03-16T15:03:40.149Z,load,9gag.com,/trending,0.0
2016-03-16T15:04:08.542Z,load,www.kuleuven.be,/toekomstigestudenten/info-per-campus.php,0.0
2016-03-16T15:04:12.730Z,load,www.kuleuven.be,/campus/leuven/index.html,0.0
2016-03-16T15:04:30.903Z,load,onderwijsaanbod.kuleuven.be,/opleidingen/n/CQ_50268901.htm,0.0
2016-03-16T15:04:34.415Z,load,onderwijsaanbod.kuleuven.be,/opleidingen/n/SC_51016775.htm,0.0
2016-03-18T09:58:04.621Z,load,www.cedarpoint.com,/online-fun,0.0
2016-03-18T09:58:10.142Z,load,www.cedarpoint.com,/online-fun/live-video-cam,0.0
2016-03-18T10:03:17.627Z,load,www.cedarpoint.com,/online-fun,0.0
2016-03-18T10:03:21.869Z,load,www.cedarpoint.com,/online-fun/live-video-cam,0.0
2016-03-18T10:18:32.224Z,load,www.radio1.be,/programmas/overzicht,0.0
2016-03-18T10:18:37.112Z,load,www.radio1.be,/programmas/playlists/overzicht,0.0
2016-03-18T10:19:13.111Z,load,www.radio1.be,/programmas/overzicht,0.0
2016-03-18T10:19:17.661Z,load,www.radio1.be,/programmas/playlists/overzicht,0.0
2016-03-18T10:23:59.944Z,load,www.nationale-loterij.be,/nl/onze-spelen,0.0
2016-03-18T10:24:10.536Z,load,www.nationale-loterij.be,/nl/onze-spelen/euro-millions/resultaten,0.0
2016-03-18T10:24:24.660Z,load,www.nationale-loterij.be,/nl/onze-spelen,0.0
2016-03-18T10:24:34.397Z,load,www.nationale-loterij.be,/nl/onze-spelen/euro-millions/resultaten,0.0
2016-03-18T10:27:08.229Z,load,sporza.be,/cm/sporza/tennis,0.0
2016-03-18T10:27:14.042Z,load,sporza.be,/cm/sporza/tennis/ranglijsten,0.0
2016-03-18T10:30:52.555Z,load,sporza.be,/cm/sporza,0.0
2016-03-18T10:30:58.583Z,load,sporza.be,/cm/sporza/tennis,0.0
2016-03-18T10:31:03.759Z,load,sporza.be,/cm/sporza/tennis/ATP,0.0
2016-03-18T10:31:15.473Z,load,sporza.be,/cm/sporza,0.0
2016-03-18T10:31:21.077Z,load,sporza.be,/cm/sporza/tennis,0.0
2016-03-18T10:31:25.134Z,load,sporza.be,/cm/sporza/tennis/ATP,0.0
2016-03-18T10:36:38.405Z,load,www.hbvl.be,/tot-uw-dienst/ik-ben-abonnee,0.0
2016-03-18T10:36:43.057Z,load,www.hbvl.be,/tot-uw-dienst/info-en-contact,0.0
2016-03-18T10:37:06.757Z,load,www.hbvl.be,/tot-uw-dienst/info-en-contact,0.0
2016-03-18T10:37:24.661Z,load,www.hbvl.be,/tot-uw-dienst/ik-ben-abonnee,0.0
2016-03-18T10:37:30.912Z,load,www.hbvl.be,/tot-uw-dienst/info-en-contact,0.0
2016-03-18T10:57:46.812Z,load,tweakers.net,/pricewatch/,0.0
2016-03-18T10:57:50.776Z,load,tweakers.net,/categorie/215/smartphones/producten/,0.0
2016-03-18T10:58:05.252Z,load,tweakers.net,/pricewatch/,0.0
2016-03-18T10:58:15.573Z,load,tweakers.net,/pricewatch/,0.0
2016-03-18T10:58:18.512Z,load,tweakers.net,/categorie/215/smartphones/producten/,0.0
2016-03-18T13:39:06.037Z,load,www.cedarpoint.com,/online-fun,0.0
2016-03-18T13:39:09.903Z,load,www.cedarpoint.com,/online-fun/live-video-cam,0.0
2016-03-18T14:05:32.383Z,load,www.cedarpoint.com,/online-fun,0.0
2016-03-18T14:05:37.767Z,load,www.cedarpoint.com,/online-fun/live-video-cam,0.0
2016-03-18T17:23:04.361Z,load,www.cedarpoint.com,/online-fun,0.0
2016-03-18T17:23:09.952Z,load,www.cedarpoint.com,/online-fun/live-video-cam,0.0
2016-03-18T17:23:51.496Z,load,www.radio1.be,/programmas/overzicht,0.0
2016-03-18T17:23:56.889Z,load,www.radio1.be,/programmas/playlists/overzicht,0.0
2016-03-18T17:24:32.812Z,load,www.nationale-loterij.be,/nl/onze-spelen,0.0
2016-03-18T17:24:44.149Z,load,www.nationale-loterij.be,/nl/onze-spelen/euro-millions/resultaten,0.0
2016-03-18T17:25:11.342Z,load,sporza.be,/cm/sporza/tennis,0.0
2016-03-18T17:25:16.001Z,load,sporza.be,/cm/sporza/tennis/ranglijsten,0.0
2016-03-18T17:26:06.106Z,load,www.hbvl.be,/tot-uw-dienst/ik-ben-abonnee,0.0
2016-03-18T17:26:11.668Z,load,www.hbvl.be,/tot-uw-dienst/info-en-contact,0.0
2016-03-18T17:27:24.308Z,load,tweakers.net,/pricewatch/,0.0
2016-03-18T17:27:27.187Z,load,tweakers.net,/categorie/215/smartphones/producten/,0.0
2016-03-18T17:27:39.464Z,load,www.cedarpoint.com,/online-fun,0.0
2016-03-18T17:27:44.226Z,load,www.cedarpoint.com,/online-fun/live-video-cam,0.0
2016-03-18T17:28:06.002Z,load,www.nationale-loterij.be,/nl/onze-spelen,0.0
2016-03-18T17:28:16.478Z,load,www.nationale-loterij.be,/nl/onze-spelen/euro-millions/resultaten,0.0
2016-03-18T17:32:22.102Z,load,www.apple.com,/iphone/,0.0
2016-03-18T17:32:28.499Z,load,www.apple.com,/iphone-6s/,0.0
2016-03-18T17:32:40.511Z,load,www.apple.com,/iphone/,0.0
2016-03-18T17:32:45.091Z,load,www.apple.com,/iphone-6s/,0.0
2016-03-18T17:33:03.111Z,load,www.google.be,/intl/en,0.0
2016-03-18T17:33:03.672Z,load,www.google.be,/intl/en/about/,0.0
2016-03-18T17:33:20.987Z,load,www.google.be,/intl/en,0.0
2016-03-18T17:33:21.311Z,load,www.google.be,/intl/en/about/,0.0
2016-03-18T20:49:51.944Z,load,www.cedarpoint.com,/online-fun,0.0
2016-03-18T20:49:56.207Z,load,www.cedarpoint.com,/online-fun/live-video-cam,0.0
2016-03-18T20:51:40.372Z,load,sporza.be,/cm/sporza/tennis,0.0
2016-03-18T20:51:43.987Z,load,sporza.be,/cm/sporza/tennis/ranglijsten,0.0
2016-03-18T20:52:01.792Z,load,www.hbvl.be,/tot-uw-dienst/ik-ben-abonnee,0.0
2016-03-18T20:52:05.877Z,load,www.hbvl.be,/tot-uw-dienst/info-en-contact,0.0
2016-03-18T20:52:40.328Z,load,www.radio1.be,/programmas/overzicht,0.0
2016-03-18T20:52:45.358Z,load,www.radio1.be,/programmas/playlists/overzicht,0.0
2016-03-18T20:53:06.739Z,load,www.nationale-loterij.be,/nl/onze-spelen,0.0
2016-03-18T20:53:15.985Z,load,www.nationale-loterij.be,/nl/onze-spelen/euro-millions/resultaten,0.0
2016-03-18T20:53:29.827Z,load,www.cedarpoint.com,/online-fun,0.0
2016-03-18T20:53:35.959Z,load,www.cedarpoint.com,/online-fun/live-video-cam,0.0
2016-03-18T20:57:42.968Z,load,www.bol.com,/nl/boeken/nederlandse-boeken/index.html,0.0
2016-03-18T20:57:50.687Z,load,www.bol.com,/nl/m/nederlandse-boeken/thrillers-fantasy/N/255+8293/index.html,0.0
2016-03-18T20:58:10.329Z,load,www.bol.com,/nl/index.html,0.0
2016-03-18T20:58:15.151Z,load,www.bol.com,/nl/boeken/nederlandse-boeken/index.html,0.0
2016-03-18T20:58:18.135Z,load,www.bol.com,/nl/m/nederlandse-boeken/thrillers-fantasy/N/255+8293/index.html,0.0
2016-03-18T21:00:08.581Z,load,www.youtube.com,/yt/dev/,0.0
2016-03-18T21:00:11.783Z,load,www.youtube.com,/yt/dev/api-resources.html,0.0
2016-03-18T21:00:25.721Z,load,www.youtube.com,/yt/dev/,0.0
2016-03-18T21:00:28.405Z,load,www.youtube.com,/yt/dev/api-resources.html,0.0
2016-03-18T21:01:30.271Z,load,www.kapaza.be,/nl/auto,0.0
2016-03-18T21:01:36.569Z,load,www.kapaza.be,/nl/bmw,0.0
2016-03-18T21:01:45.341Z,load,www.kapaza.be,/nl/auto,0.0
2016-03-18T21:01:49.531Z,load,www.kapaza.be,/nl/bmw,0.0
2016-03-19T13:27:06.208Z,load,www.radio1.be,/programmas/overzicht,0.0
2016-03-19T13:27:11.979Z,load,www.radio1.be,/programmas/playlists/overzicht,0.0
2016-03-19T13:27:27.566Z,load,www.nationale-loterij.be,/nl/onze-spelen,0.0
2016-03-19T13:27:37.575Z,load,www.nationale-loterij.be,/nl/onze-spelen/euro-millions/resultaten,0.0
2016-03-19T13:27:52.821Z,load,sporza.be,/cm/sporza/tennis,0.0
2016-03-19T13:27:57.509Z,load,sporza.be,/cm/sporza/tennis/ranglijsten,0.0
2016-03-19T13:28:12.633Z,load,www.apple.com,/iphone/,0.0
2016-03-19T13:28:19.147Z,load,www.apple.com,/iphone-6s/,0.0
2016-03-19T13:28:29.896Z,load,tweakers.net,/pricewatch/,0.0
2016-03-19T13:28:33.396Z,load,tweakers.net,/categorie/215/smartphones/producten/,0.0
2016-03-19T13:29:22.772Z,load,www.hbvl.be,/tot-uw-dienst/ik-ben-abonnee,0.0
2016-03-19T13:29:28.397Z,load,www.hbvl.be,/tot-uw-dienst/info-en-contact,0.0
2016-03-19T13:31:28.022Z,load,www.google.be,/intl/en,0.0
2016-03-19T13:31:28.474Z,load,www.google.be,/intl/en/about/,0.0
2016-03-19T13:32:21.934Z,load,www.nationale-loterij.be,/nl/onze-spelen,0.0
2016-03-19T13:32:34.617Z,load,www.nationale-loterij.be,/nl/onze-spelen/euro-millions/resultaten,0.0
2016-03-19T13:32:42.576Z,load,www.apple.com,/iphone/,0.0
2016-03-19T13:32:47.232Z,load,www.apple.com,/iphone-6s/,0.0
2016-03-19T13:32:54.997Z,load,www.apple.com,/iphone/,0.0
2016-03-19T13:32:58.979Z,load,www.apple.com,/iphone-6s/,0.0
2016-03-19T13:33:09.531Z,load,sporza.be,/cm/sporza/tennis,0.0
2016-03-19T13:33:14.619Z,load,sporza.be,/cm/sporza/tennis/ranglijsten,0.0
2016-03-19T13:33:51.944Z,load,www.radio1.be,/programmas/overzicht,0.0
2016-03-19T13:33:57.591Z,load,www.radio1.be,/programmas/playlists/overzicht,0.0
2016-03-19T13:34:34.828Z,load,www.bol.com,/nl/boeken/nederlandse-boeken/index.html,0.0
2016-03-19T13:34:38.610Z,load,www.bol.com,/nl/m/nederlandse-boeken/thrillers-fantasy/N/255+8293/index.html,0.0
2016-03-19T13:34:41.698Z,load,www.bol.com,/nl/index.html,0.0
2016-03-19T13:34:46.246Z,load,www.bol.com,/nl/boeken/nederlandse-boeken/index.html,0.0
2016-03-19T13:34:49.483Z,load,www.bol.com,/nl/m/nederlandse-boeken/thrillers-fantasy/N/255+8293/index.html,0.0
2016-03-19T13:35:08.552Z,load,www.youtube.com,/yt/dev/,0.0
2016-03-19T13:35:11.671Z,load,www.youtube.com,/yt/dev/api-resources.html,0.0
2016-03-19T13:35:26.028Z,load,www.youtube.com,/yt/dev/,0.0
2016-03-19T13:35:28.380Z,load,www.youtube.com,/yt/dev/api-resources.html,0.0
2016-03-19T13:38:50.062Z,load,www.radio1.be,/programmas/overzicht,0.0
2016-03-19T13:38:54.603Z,load,www.radio1.be,/programmas/playlists/overzicht,0.0
2016-03-19T13:39:05.463Z,load,www.nationale-loterij.be,/nl/onze-spelen,0.0
2016-03-19T13:39:15.094Z,load,www.nationale-loterij.be,/nl/onze-spelen/euro-millions/resultaten,0.0
2016-03-19T13:39:26.055Z,load,sporza.be,/cm/sporza/tennis,0.0
2016-03-19T13:39:32.160Z,load,sporza.be,/cm/sporza/tennis/ranglijsten,0.0
2016-03-19T13:39:57.247Z,load,www.hbvl.be,/tot-uw-dienst/ik-ben-abonnee,0.0
2016-03-19T13:40:02.084Z,load,www.hbvl.be,/tot-uw-dienst/info-en-contact,0.0
2016-03-19T13:40:12.644Z,load,tweakers.net,/pricewatch/,0.0
2016-03-19T13:40:16.138Z,load,tweakers.net,/categorie/215/smartphones/producten/,0.0
2016-03-19T13:41:02.638Z,load,www.apple.com,/iphone/,0.0
2016-03-19T13:41:06.623Z,load,www.apple.com,/iphone-6s/,0.0
2016-03-19T13:41:13.750Z,load,www.google.be,/intl/en,0.0
2016-03-19T13:41:14.104Z,load,www.google.be,/intl/en/about/,0.0
2016-03-19T13:41:35.348Z,load,www.bol.com,/nl/boeken/nederlandse-boeken/index.html,0.0
2016-03-19T13:41:39.078Z,load,www.bol.com,/nl/m/nederlandse-boeken/thrillers-fantasy/N/255+8293/index.html,0.0
2016-03-19T13:41:52.803Z,load,www.kapaza.be,/nl/auto,0.0
2016-03-19T13:41:56.453Z,load,www.kapaza.be,/nl/bmw,0.0
2016-03-19T13:42:04.040Z,load,www.kapaza.be,/nl/auto,0.0
2016-03-19T13:42:09.466Z,load,www.kapaza.be,/nl/bmw,0.0
2016-03-20T13:45:15.904Z,load,www.google.be,/intl/en,0.0
2016-03-20T13:45:16.324Z,load,www.google.be,/intl/en/about/,0.0
2016-03-20T13:45:39.722Z,load,www.google.be,/intl/en,0.0
2016-03-20T13:45:40.083Z,load,www.google.be,/intl/en/about/,0.0
2016-03-20T13:45:51.730Z,load,tweakers.net,/pricewatch/,0.0
2016-03-20T13:45:55.245Z,load,tweakers.net,/categorie/215/smartphones/producten/,0.0
2016-03-20T13:45:59.651Z,load,tweakers.net,/pricewatch/,0.0
2016-03-20T13:46:02.161Z,load,tweakers.net,/categorie/215/smartphones/producten/,0.0
2016-03-20T13:46:09.969Z,load,www.hbvl.be,/tot-uw-dienst/ik-ben-abonnee,0.0
2016-03-20T13:46:12.941Z,load,www.hbvl.be,/tot-uw-dienst/info-en-contact,0.0
2016-03-20T13:46:24.465Z,load,www.youtube.com,/yt/dev/,0.0
2016-03-20T13:46:26.829Z,load,www.youtube.com,/yt/dev/api-resources.html,0.0
2016-03-20T13:46:42.327Z,load,www.youtube.com,/yt/dev/,0.0
2016-03-20T13:46:44.236Z,load,www.youtube.com,/yt/dev/api-resources.html,0.0
2016-03-20T13:46:54.809Z,load,sporza.be,/cm/sporza/tennis,0.0
2016-03-20T13:46:58.743Z,load,sporza.be,/cm/sporza/tennis/ranglijsten,0.0
2016-03-20T13:47:19.370Z,load,www.apple.com,/iphone/,0.0
2016-03-20T13:47:24.261Z,load,www.apple.com,/iphone-6s/,0.0
2016-03-20T13:47:39.899Z,load,www.kapaza.be,/nl/auto,0.0
2016-03-20T13:47:43.673Z,load,www.kapaza.be,/nl/bmw,0.0
2016-03-20T13:49:25.100Z,load,www.youtube.com,/yt/dev/,0.0
2016-03-20T13:49:26.790Z,load,www.youtube.com,/yt/dev/api-resources.html,0.0
2016-03-22T14:36:56.630Z,load,people.cs.kuleuven.be,/~bart.demoen/FCW/,0.0
2016-03-22T14:37:27.454Z,load,people.cs.kuleuven.be,/~bart.demoen/FCW,0.0
2016-03-22T14:37:55.260Z,load,people.cs.kuleuven.be,/~bart.demoen/FCW/,0.0
2016-03-22T14:37:57.421Z,load,people.cs.kuleuven.be,/~bart.demoen/FCW,0.0
2016-03-22T14:38:26.416Z,load,www.vier.be,/programmas,0.0
2016-03-22T14:38:29.072Z,load,www.vier.be,/demol/programmas/de-mol,0.0
2016-03-22T14:38:30.280Z,load,www.vier.be,/volledige-afleveringen/964036,0.0
2016-03-22T14:41:49.494Z,load,www.vier.be,/programmas,0.0
2016-03-22T14:41:51.817Z,load,www.vier.be,/demol/programmas/de-mol,0.0
2016-03-22T14:41:53.342Z,load,www.vier.be,/volledige-afleveringen/964036,0.0
2016-03-22T14:42:25.932Z,load,people.cs.kuleuven.be,/~bart.demoen/FCW/,0.0
2016-03-22T14:42:27.715Z,load,people.cs.kuleuven.be,/~bart.demoen/FCW,0.0
2016-03-22T14:43:35.239Z,load,www.twitch.tv,/directory/all,0.0
2016-03-22T14:46:02.095Z,load,webwsp.aps.kuleuven.be,/sap(bD1ubCZjPTIwMA==)/public/bsp/sap/z_mijnuurrstrs,0.0
2016-03-22T14:46:03.557Z,load,webwsp.aps.kuleuven.be,/sap(bD1ubCZjPTIwMA==)/public/bsp/sap/z_mijnuurrstrs,0.0
2016-03-22T14:52:53.922Z,load,deredactie.be,/cm/vrtnieuws,0.0
2016-03-22T14:53:24.721Z,load,deredactie.be,/cm/vrtnieuws,0.0
2016-03-22T14:54:32.202Z,load,www.vier.be,/programmas,0.0
2016-03-22T14:54:34.241Z,load,www.vier.be,/demol/programmas/de-mol,0.0
2016-03-22T14:54:46.078Z,load,www.vier.be,/volledige-afleveringen/964036,0.0
2016-03-22T14:55:15.110Z,load,www.twitch.tv,/directory/all,0.0
2016-03-22T14:58:43.811Z,load,people.cs.kuleuven.be,/~bart.demoen/FCW/,0.0
2016-03-22T14:58:47.029Z,load,people.cs.kuleuven.be,/~bart.demoen/FCW,0.0
2016-03-22T14:58:57.440Z,load,people.cs.kuleuven.be,/~bart.demoen/FCW/,0.0
2016-03-22T14:58:59.382Z,load,people.cs.kuleuven.be,/~bart.demoen/FCW,0.0
2016-03-22T14:59:04.913Z,load,people.cs.kuleuven.be,/~bart.demoen/FCW/,0.0
2016-03-22T14:59:06.760Z,load,people.cs.kuleuven.be,/~bart.demoen/FCW,0.0
2016-03-22T15:00:34.868Z,load,www.twitch.tv,/directory/all,0.0
2016-03-22T15:04:29.870Z,load,www.vier.be,/programmas,0.0
2016-03-22T15:04:32.766Z,load,www.vier.be,/demol/programmas/de-mol,0.0
2016-03-22T15:04:36.319Z,load,www.vier.be,/volledige-afleveringen/964036,0.0
2016-03-22T15:04:58.545Z,load,www.vier.be,/volledige-afleveringen/964036,0.0
2016-03-22T15:07:34.777Z,load,cygnus.cc.kuleuven.be,/webapps/blackboard/execute,0.0
2016-03-22T15:08:03.597Z,load,cygnus.cc.kuleuven.be,/webapps/blackboard/execute/course/tools,0.0
2016-03-22T15:08:08.582Z,load,cygnus.cc.kuleuven.be,/webapps/discussionboard/do,0.0
2016-03-22T15:08:45.336Z,load,cygnus.cc.kuleuven.be,/webapps/blackboard/execute,0.0
2016-03-22T15:08:50.360Z,load,cygnus.cc.kuleuven.be,/webapps/blackboard/execute/course/tools,0.0
2016-03-22T15:08:57.029Z,load,cygnus.cc.kuleuven.be,/webapps/discussionboard/do,0.0
2016-03-22T15:09:04.049Z,load,cygnus.cc.kuleuven.be,/webapps/discussionboard/do,0.0
2016-03-22T15:09:07.235Z,load,cygnus.cc.kuleuven.be,/webapps/discussionboard/do,0.0
2016-03-22T15:09:12.328Z,load,cygnus.cc.kuleuven.be,/webapps/discussionboard/do,0.0
2016-03-22T15:09:15.630Z,load,cygnus.cc.kuleuven.be,/webapps/discussionboard/do,0.0
2016-03-22T15:13:41.447Z,load,cygnus.cc.kuleuven.be,/webapps/discussionboard/do,0.0
2016-03-22T15:13:44.859Z,load,cygnus.cc.kuleuven.be,/webapps/discussionboard/do,0.0
2016-03-22T15:20:30.875Z,load,www.vier.be,/programmas,0.0
2016-03-22T15:20:38.954Z,load,www.vier.be,/demol/programmas/de-mol,0.0
2016-03-22T15:20:42.240Z,load,www.vier.be,/volledige-afleveringen/964036,0.0
2016-03-22T15:21:10.247Z,load,people.cs.kuleuven.be,/~bart.demoen/FCW/,0.0
2016-03-22T15:21:17.137Z,load,people.cs.kuleuven.be,/~bart.demoen/FCW,0.0
2016-03-22T15:21:21.204Z,load,people.cs.kuleuven.be,/~bart.demoen/FCW/,0.0
2016-03-22T15:21:25.923Z,load,people.cs.kuleuven.be,/~bart.demoen/FCW,0.0
2016-03-22T15:22:15.448Z,load,people.cs.kuleuven.be,/~bart.demoen/FCW/,0.0
2016-03-22T15:23:06.884Z,load,people.cs.kuleuven.be,/~bart.demoen/FCW,0.0
2016-03-22T15:24:30.060Z,load,deredactie.be,/cm/vrtnieuws,0.0
2016-03-22T15:24:48.332Z,load,www.twitch.tv,/directory/all,0.0
2016-03-22T15:25:46.073Z,load,www.vier.be,/programmas,0.0
2016-03-22T15:25:49.917Z,load,www.vier.be,/theskyisthelimit/programmas/sky-limit,0.0
2016-03-22T15:25:54.683Z,load,www.vier.be,/volledige-afleveringen/105073,0.0
2016-03-22T15:26:04.126Z,load,www.vier.be,/volledige-afleveringen/105073,0.0
2016-03-22T15:26:05.990Z,load,www.vier.be,/theskyisthelimit/programmas/sky-limit,0.0
2016-03-22T15:27:02.674Z,load,www.vier.be,/theskyisthelimit/programmas/sky-limit,0.0
2016-03-22T15:27:14.635Z,load,www.vier.be,/programmas,0.0
2016-03-22T15:27:18.359Z,load,www.vier.be,/demol/programmas/de-mol,0.0
2016-03-22T15:27:20.125Z,load,www.vier.be,/volledige-afleveringen/964036,0.0
2016-03-22T15:27:24.952Z,load,www.vier.be,/volledige-afleveringen/964036,0.0
2016-03-22T15:27:26.172Z,load,www.vier.be,/demol/programmas/de-mol,0.0
2016-03-22T15:27:38.516Z,load,www.vier.be,/demol/programmas/de-mol,0.0
2016-03-22T15:27:41.011Z,load,www.vier.be,/programmas,0.0
2016-03-22T18:50:44.698Z,load,sporza.be,/cm/sporza/atletiek,0.0
2016-03-22T18:50:57.048Z,load,sporza.be,/cm/sporza/atletiek/WK_atletiek,0.0
2016-03-22T18:52:30.749Z,load,toledo.kuleuven.be,/studenten,0.0
2016-03-22T18:52:47.745Z,load,toledo.kuleuven.be,/studenten,0.0
2016-03-22T18:53:07.160Z,load,www.kuleuven.be,/studenten/,0.0
2016-03-22T18:53:10.579Z,load,www.kuleuven.be,/onderwijs/student,0.0
2016-03-22T18:53:16.799Z,load,eng.kuleuven.be,/studenten/masterproef/masterproef/index.html,0.0
2016-03-22T18:55:36.247Z,load,www.hln.be,/hln/nl/961/Wetenschap/index.dhtml,0.0
2016-03-22T18:55:45.274Z,load,www.hln.be,/hln/nl/961/Wetenschap/2324/Global-Warming/actua/index.dhtml,0.0
2016-03-22T18:55:59.098Z,load,www.hln.be,/hln/nl/2656/Global-Warming/article/detail/2654038/2016/03/22/Groot-watertekort-in-2030.dhtml,0.0
2016-03-22T18:56:56.271Z,load,southpark.cc.com,/full-episodes,0.0
2016-03-22T18:57:02.967Z,load,southpark.cc.com,/full-episodes/s19e05-safe-space,0.0
2016-03-22T19:00:58.664Z,load,www.kuleuven.be,/studenten/,0.0
2016-03-22T19:01:05.683Z,load,www.kuleuven.be,/onderwijs/student,0.0
2016-03-22T19:01:12.098Z,load,eng.kuleuven.be,/studenten/masterproef/masterproef/index.html,0.0
2016-03-22T19:02:20.077Z,load,www.hln.be,/hln/nl/961/Wetenschap/index.dhtml,0.0
2016-03-22T19:02:29.044Z,load,www.hln.be,/hln/nl/961/Wetenschap/2324/Global-Warming/actua/index.dhtml,0.0
2016-03-22T19:02:36.735Z,load,www.hln.be,/hln/nl/2656/Global-Warming/article/detail/2654038/2016/03/22/Groot-watertekort-in-2030.dhtml,0.0
2016-03-22T19:04:28.475Z,load,www.kuleuven.be,/studenten/,0.0
2016-03-22T19:04:30.908Z,load,www.kuleuven.be,/onderwijs/student,0.0
2016-03-22T19:04:36.919Z,load,eng.kuleuven.be,/studenten/masterproef/masterproef/index.html,0.0
2016-03-22T19:06:11.576Z,load,www.hln.be,/hln/nl/961/Wetenschap/index.dhtml,0.0
2016-03-22T19:06:25.282Z,load,www.hln.be,/hln/nl/961/Wetenschap/2324/Global-Warming/actua/index.dhtml,0.0
2016-03-22T19:06:40.998Z,load,www.hln.be,/hln/nl/2656/Global-Warming/article/detail/2654038/2016/03/22/Groot-watertekort-in-2030.dhtml,0.0
2016-03-22T19:08:41.073Z,load,sporza.be,/cm/sporza/atletiek,0.0
2016-03-22T19:08:47.873Z,load,sporza.be,/cm/sporza/atletiek/WK_atletiek,0.0
2016-03-22T19:10:34.487Z,load,southpark.cc.com,/full-episodes,0.0
2016-03-22T19:10:44.020Z,load,southpark.cc.com,/full-episodes/s19e05-safe-space,0.0
2016-03-22T19:11:33.556Z,load,www.kuleuven.be,/studenten/,0.0
2016-03-22T19:11:37.937Z,load,www.kuleuven.be,/onderwijs/student,0.0
2016-03-22T19:11:47.965Z,load,eng.kuleuven.be,/studenten/examens-evaluatie-diploma-1/index,0.0
2016-03-22T19:11:51.493Z,load,eng.kuleuven.be,/studenten/examens-evaluatie-diploma-1/diploma,0.0
2016-03-22T19:13:57.283Z,load,sporza.be,/cm/sporza/atletiek,0.0
2016-03-22T19:14:05.744Z,load,sporza.be,/cm/sporza/atletiek/WK_atletiek,0.0
2016-03-22T19:18:29.252Z,load,www.hln.be,/hln/nl/961/Wetenschap/index.dhtml,0.0
2016-03-22T19:18:41.679Z,load,www.hln.be,/hln/nl/961/Wetenschap/2324/Global-Warming/actua/index.dhtml,0.0
2016-03-22T19:29:35.908Z,load,www.kuleuven.be,/studenten/,0.0
2016-03-22T19:29:40.487Z,load,www.kuleuven.be,/onderwijs/student,0.0
2016-03-22T19:29:49.101Z,load,eng.kuleuven.be,/studenten/masterproef/masterproef/index.html,0.0
2016-03-22T19:34:42.097Z,load,southpark.cc.com,/full-episodes,0.0
2016-03-22T19:34:45.705Z,load,southpark.cc.com,/full-episodes/s19e05-safe-space,0.0
2016-03-22T19:36:20.839Z,load,www.kuleuven.be,/studenten/,0.0
2016-03-22T19:36:24.473Z,load,www.kuleuven.be,/onderwijs/student,0.0
2016-03-22T19:36:32.899Z,load,eng.kuleuven.be,/studenten/examens-evaluatie-diploma-1/index,0.0
2016-03-22T19:36:35.359Z,load,eng.kuleuven.be,/studenten/examens-evaluatie-diploma-1/diploma,0.0
2016-03-22T19:41:04.498Z,load,sporza.be,/cm/sporza/atletiek,0.0
2016-03-22T19:41:15.459Z,load,sporza.be,/cm/sporza/atletiek/WK_atletiek,0.0
2016-03-23T11:15:28.688Z,load,stackoverflow.com,/jobs,0.0
2016-03-23T11:15:44.017Z,load,stackoverflow.com,/jobs,0.0
2016-03-23T11:15:48.208Z,load,stackoverflow.com,/jobs,0.0
2016-03-23T11:17:07.940Z,load,www.standaard.be,/nieuws/sport,0.0
2016-03-23T11:17:12.686Z,load,www.standaard.be,/nieuws/sport/atletiek,0.0
2016-03-23T11:39:45.124Z,load,www.kuleuven.be,/studeren/,0.0
2016-03-23T11:39:54.247Z,load,www.kuleuven.be,/onderwijs/student,0.0
2016-03-23T11:40:04.139Z,load,eng.kuleuven.be,/studenten/examens-evaluatie-diploma-1/index,0.0
2016-03-23T11:40:09.603Z,load,eng.kuleuven.be,/studenten/examens-evaluatie-diploma-1/diploma,0.0
2016-03-23T11:43:47.354Z,load,www.hln.be,/hln/nl/923/Sport/index.dhtml,0.0
2016-03-23T11:44:17.093Z,load,www.hln.be,/hln/nl/9090/Voetbal/index.dhtml,0.0
2016-03-23T11:44:53.044Z,load,www.kuleuven.be,/studenten/,0.0
2016-03-23T11:45:03.302Z,load,www.kuleuven.be,/onderwijs/student,0.0
2016-03-23T11:45:22.701Z,load,wet.kuleuven.be,/studenten/onderwijs,0.0
2016-03-23T11:45:46.701Z,load,onderwijsaanbod.kuleuven.be,/opleidingen/n/CQ_50268901.htm,0.0
2016-03-23T11:45:49.519Z,load,onderwijsaanbod.kuleuven.be,/opleidingen/n/SC_51016775.htm,0.0
2016-03-23T11:46:11.981Z,load,onderwijsaanbod.kuleuven.be,/opleidingen/n/CQ_50268901.htm,0.0
2016-03-23T11:46:17.827Z,load,onderwijsaanbod.kuleuven.be,/opleidingen/n/SC_51016775.htm,0.0
2016-03-23T11:46:36.634Z,load,sporza.be,/cm/sporza/voetbal,0.0
2016-03-23T11:46:39.119Z,load,www.standaard.be,/nieuws/sport/atletiek,0.0
2016-03-23T11:46:43.280Z,load,sporza.be,/cm/sporza/voetbal/Jupiler_Pro_League,0.0
2016-03-23T11:47:18.649Z,load,www.kuleuven.be,/studenten/,0.0
2016-03-23T11:47:25.949Z,load,www.kuleuven.be,/onderwijs/student,0.0
2016-03-23T11:47:33.979Z,load,wet.kuleuven.be,/studenten/onderwijs,0.0
2016-03-23T11:47:54.524Z,load,onderwijsaanbod.kuleuven.be,/opleidingen/n/CQ_50268901.htm,0.0
2016-03-23T11:47:57.859Z,load,onderwijsaanbod.kuleuven.be,/opleidingen/n/SC_51016775.htm,0.0
2016-03-23T11:48:42.142Z,load,www.standaard.be,/nieuws/sport,0.0
2016-03-23T11:48:46.033Z,load,www.standaard.be,/nieuws/sport/atletiek,0.0
2016-03-23T11:49:09.339Z,load,www.hln.be,/hln/nl/961/Wetenschap/index.dhtml,0.0
2016-03-23T11:49:32.402Z,load,9gag.com,/trending,0.0
2016-03-23T11:49:58.656Z,load,www.hln.be,/hln/nl/923/Sport/index.dhtml,0.0
2016-03-23T11:50:09.046Z,load,www.kuleuven.be,/onderwijs/student,0.0
2016-03-23T11:50:18.019Z,load,eng.kuleuven.be,/studenten/masterproef/masterproef/index.html,0.0
2016-03-23T11:50:18.019Z,load,eng.kuleuven.be,/studenten/masterproef/masterproef/index.html,0.0
2016-03-23T11:50:46.134Z,load,www.kuleuven.be,/studenten/,0.0
2016-03-23T11:50:49.908Z,load,www.kuleuven.be,/onderwijs/student,0.0
2016-03-23T11:51:00.327Z,load,wet.kuleuven.be,/studenten/onderwijs,0.0
2016-03-23T11:51:17.957Z,load,onderwijsaanbod.kuleuven.be,/opleidingen/n/CQ_50268901.htm,0.0
2016-03-23T11:51:20.729Z,load,onderwijsaanbod.kuleuven.be,/opleidingen/n/SC_51016775.htm,0.0
2016-03-23T11:52:52.395Z,load,deredactie.be,/cm/vrtnieuws/binnenland,0.0
2016-03-23T11:52:54.956Z,load,deredactie.be,/cm/vrtnieuws/regio/antwerpen,0.0
2016-03-23T11:56:20.619Z,load,sporza.be,/cm/sporza/atletiek,0.0
2016-03-23T11:56:25.821Z,load,sporza.be,/cm/sporza/atletiek/WK_atletiek,0.0
2016-03-23T12:00:03.844Z,load,www.kuleuven.be,/studeren/,0.0
2016-03-23T12:00:06.865Z,load,www.kuleuven.be,/onderwijs/student,0.0
2016-03-23T12:00:12.955Z,load,eng.kuleuven.be,/studenten/examens-evaluatie-diploma-1/index,0.0
2016-03-23T12:00:15.511Z,load,eng.kuleuven.be,/studenten/examens-evaluatie-diploma-1/diploma,0.0
2016-03-23T19:08:54.182Z,load,www.kuleuven.be,/studenten/,0.0
2016-03-23T19:08:57.317Z,load,www.kuleuven.be,/onderwijs/student,0.0
2016-03-23T19:09:25.158Z,load,wet.kuleuven.be,/studenten/onderwijs,0.0
2016-03-23T19:09:41.331Z,load,onderwijsaanbod.kuleuven.be,/opleidingen/n/CQ_50268901.htm,0.0
2016-03-23T19:09:43.285Z,load,onderwijsaanbod.kuleuven.be,/opleidingen/n/SC_51016775.htm,0.0
2016-03-23T19:10:48.320Z,load,www.hln.be,/hln/nl/9090/Voetbal/index.dhtml,0.0
2016-03-23T19:10:54.872Z,load,www.hln.be,/hln/nl/949/Belgisch-Voetbal/index.dhtml,0.0
2016-03-23T19:12:39.876Z,load,9gag.com,/trending,0.0
2016-03-23T19:13:08.247Z,load,sporza.be,/cm/sporza/voetbal,0.0
2016-03-23T19:13:14.329Z,load,sporza.be,/cm/sporza/voetbal/Jupiler_Pro_League,0.0
2016-03-23T19:13:47.998Z,load,deredactie.be,/cm/vrtnieuws/binnenland,0.0
2016-03-23T19:13:50.834Z,load,deredactie.be,/cm/vrtnieuws/regio/antwerpen,0.0
2016-03-23T19:15:04.708Z,load,www.kuleuven.be,/studenten/,0.0
2016-03-23T19:15:07.384Z,load,www.kuleuven.be,/onderwijs/student,0.0
2016-03-23T19:15:16.826Z,load,wet.kuleuven.be,/studenten/onderwijs,0.0
2016-03-23T19:15:40.052Z,load,onderwijsaanbod.kuleuven.be,/opleidingen/n/CQ_50268901.htm,0.0
2016-03-23T19:15:42.197Z,load,onderwijsaanbod.kuleuven.be,/opleidingen/n/SC_51016775.htm,0.0
2016-03-23T19:17:01.257Z,load,sporza.be,/cm/sporza/voetbal,0.0
2016-03-23T19:17:08.000Z,load,sporza.be,/cm/sporza/voetbal/Jupiler_Pro_League,0.0
2016-03-23T19:18:28.443Z,load,www.hln.be,/hln/nl/9090/Voetbal/index.dhtml,0.0
2016-03-23T19:18:35.922Z,load,www.hln.be,/hln/nl/949/Belgisch-Voetbal/index.dhtml,0.0
2016-03-23T19:20:12.219Z,load,www.kuleuven.be,/studenten/,0.0
2016-03-23T19:20:16.911Z,load,www.kuleuven.be,/onderwijs/student,0.0
2016-03-23T19:20:28.439Z,load,wet.kuleuven.be,/studenten/onderwijs,0.0
2016-03-23T19:20:44.176Z,load,onderwijsaanbod.kuleuven.be,/opleidingen/n/CQ_50268901.htm,0.0
2016-03-23T19:20:46.513Z,load,onderwijsaanbod.kuleuven.be,/opleidingen/n/SC_51016775.htm,0.0
2016-03-23T19:22:18.404Z,load,deredactie.be,/cm/vrtnieuws/regio/antwerpen,0.0
2016-03-23T19:22:23.124Z,load,deredactie.be,/cm/vrtnieuws/regio/antwerpen,0.0
2016-03-23T19:22:32.641Z,load,deredactie.be,/cm/vrtnieuws,0.0
2016-03-23T19:22:36.438Z,load,deredactie.be,/cm/vrtnieuws/binnenland,0.0
2016-03-25T14:45:03.746Z,load,sporza.be,/cm/sporza/voetbal,0.0
2016-03-25T14:45:26.001Z,load,sporza.be,/cm/sporza/voetbal/Jupiler_Pro_League,0.0
2016-03-25T14:45:39.280Z,load,sporza.be,/cm/sporza/voetbal/Jupiler_Pro_League/2.5199,0.0
2016-03-25T14:46:16.144Z,load,sporza.be,/cm/sporza,0.0
2016-03-25T14:46:28.588Z,load,sporza.be,/cm/sporza/voetbal,0.0
2016-03-25T14:46:37.366Z,load,sporza.be,/cm/sporza/videozone/programmas/extratime,0.0
2016-03-25T14:46:59.419Z,load,sporza.be,/cm/sporza,0.0
2016-03-25T14:47:07.886Z,load,sporza.be,/cm/sporza/voetbal,0.0
2016-03-25T14:47:20.465Z,load,sporza.be,/cm/sporza/voetbal/Jupiler_Pro_League,0.0
2016-03-25T14:49:40.915Z,load,deredactie.be,/cm/vrtnieuws/cultuur%2Ben%2Bmedia/film,0.0
2016-03-25T14:49:54.605Z,load,deredactie.be,/cm/vrtnieuws,0.0
2016-03-25T14:50:31.313Z,load,www.alma.be,/nl/campusarenberg,0.0
2016-03-25T14:50:38.732Z,load,www.alma.be,/nl/restaurant/alma-3,0.0
2016-03-25T14:51:20.967Z,load,www.quiz-kalender.be,/provincie-antwerpen,0.0
2016-03-25T14:52:03.719Z,load,joglog.azurewebsites.net,/Jogging/List,0.0
2016-03-25T14:52:11.783Z,load,joglog.azurewebsites.net,/JogLiga,0.0
2016-03-25T14:52:20.738Z,load,joglog.azurewebsites.net,/JogLiga,0.0
2016-03-25T14:52:31.020Z,load,joglog.azurewebsites.net,/Jogging/List,0.0
2016-03-25T14:52:50.994Z,load,stratenlopen.be,/calendar.php,0.0
2016-03-25T14:53:16.508Z,load,stratenlopen.be,/index.php,0.0
2016-03-25T14:53:45.357Z,load,runkeeper.com,/user/jeffhoremans/profile,0.0
2016-03-25T14:53:51.934Z,load,runkeeper.com,/user/jeffhoremans/fitnessReports/cardio,0.0
2016-03-25T14:54:01.741Z,load,runkeeper.com,/home,0.0
2016-03-25T14:56:48.820Z,load,sporza.be,/cm/sporza/voetbal,0.0
2016-03-25T14:56:56.441Z,load,sporza.be,/cm/sporza/voetbal/Jupiler_Pro_League,0.0
2016-03-25T14:57:14.739Z,load,sporza.be,/cm/sporza/voetbal/Jupiler_Pro_League/2.5199,0.0
2016-03-25T14:57:49.623Z,load,joglog.azurewebsites.net,/JogLiga,0.0
2016-03-25T14:58:06.923Z,load,stratenlopen.be,/calendar.php,0.0
2016-03-25T14:58:48.770Z,load,www.ucll.be,/dienstenvoorstudenten,0.0
2016-03-25T14:58:52.518Z,load,www.ucll.be,/studeren/student-aan-ucll/diensten-voor-studenten/diensten-voor-studenten-leuven,0.0
2016-03-25T14:58:54.987Z,load,www.ucll.be,/studeren/student-aan-ucll/diensten-voor-studenten/diensten-voor-studenten-leuven-0/sport-leuven,0.0
2016-03-25T14:58:59.269Z,load,www.ucll.be,/studeren/student-aan-ucll/campussen/campus-hertogstraat/sporthal,0.0
2016-03-25T14:59:05.456Z,load,www.ucll.be,/studeren/student-aan-ucll/campussen/campus-hertogstraat/sporthal/sportaanbod-heverlee,0.0
2016-03-25T14:59:16.515Z,load,www.ucll.be,/studeren/student-aan-ucll/campussen/campus-hertogstraat/sporthal/sportaanbod-heverlee/badminton,0.0
2016-03-25T14:59:35.276Z,load,www.kuleuven.be,/sport/,0.0
2016-03-25T14:59:38.672Z,load,www.kuleuven.be,/sport/sportaanbod/index.htm,0.0
2016-03-25T14:59:46.540Z,load,www.kuleuven.be,/sport/sportaanbod/individuele-sporten/badminton,0.0
2016-03-25T15:00:20.500Z,load,www.worldsnooker.com,/news/,0.0
2016-03-25T15:00:29.398Z,load,www.worldsnooker.com,/rankings/,0.0
2016-03-25T15:00:44.396Z,load,cuetracker.net,/Statistics,0.0
2016-03-25T15:00:54.111Z,load,cuetracker.net,/Statistics/Centuries/Most-Made/All-time,0.0
2016-03-25T15:01:04.088Z,load,cuetracker.net,/Rankings,0.0
2016-03-25T15:01:11.279Z,load,cuetracker.net,/Players,0.0
2016-03-25T15:01:19.104Z,load,cuetracker.net,/Players/Ronnie-OSullivan,0.0
2016-03-25T15:02:02.040Z,load,sporza.be,/cm/sporza/tennis,0.0
2016-03-25T15:02:11.062Z,load,sporza.be,/cm/sporza,0.0
2016-03-25T15:02:15.595Z,load,sporza.be,/cm/sporza/atletiek,0.0
2016-03-25T15:02:21.477Z,load,sporza.be,/cm/sporza,0.0
2016-03-25T15:02:32.413Z,load,sporza.be,/cm/sporza/voetbal,0.0
2016-03-25T15:02:37.905Z,load,sporza.be,/cm/sporza/voetbal/Jupiler_Pro_League,0.0
2016-03-25T15:02:51.600Z,load,sporza.be,/cm/sporza/voetbal/Jupiler_Pro_League/2.5199,0.0
2016-03-25T16:29:08.064Z,load,www.hln.be,/hln/nl/957/Binnenland/article/detail/2657907/2016/03/25/Video-toont-hoe-politie-kind-weghaalt-bij-neergeschoten-verdachte-in-Schaarbeek.dhtml,0.0
2016-03-25T16:29:08.064Z,load,www.hln.be,/hln/nl/957/Binnenland/article/detail/2657907/2016/03/25/Video-toont-hoe-politie-kind-weghaalt-bij-neergeschoten-verdachte-in-Schaarbeek.dhtml,0.0
2016-03-25T16:29:33.105Z,load,www.hln.be,/regio/,0.0
2016-03-25T16:29:33.105Z,load,www.hln.be,/regio/,0.0
2016-03-25T16:29:43.929Z,load,www.hln.be,/regio/nieuws-uit-zemst/,0.0
2016-03-25T16:29:43.929Z,load,www.hln.be,/regio/nieuws-uit-zemst/,0.0
2016-03-25T16:29:55.653Z,load,www.hln.be,/regio/nieuws-uit-zemst/comite-p-onderzoekt-terreurtip-a2657330/,0.0
2016-03-25T16:29:55.653Z,load,www.hln.be,/regio/nieuws-uit-zemst/comite-p-onderzoekt-terreurtip-a2657330/,0.0
2016-03-25T16:30:16.132Z,load,www.hln.be,/hln/nl/923/Sport/index.dhtml,0.0
2016-03-25T16:30:16.132Z,load,www.hln.be,/hln/nl/923/Sport/index.dhtml,0.0
2016-03-25T16:32:20.897Z,load,doorbraak.be,/nl/nieuws,0.0
2016-03-25T16:32:20.897Z,load,doorbraak.be,/nl/nieuws,0.0
2016-03-25T16:32:34.841Z,load,doorbraak.be,/nl/nieuws/de-vijand-die-niet-genoemd-mag-worden,0.0
2016-03-25T16:32:34.841Z,load,doorbraak.be,/nl/nieuws/de-vijand-die-niet-genoemd-mag-worden,0.0
2016-03-25T16:33:22.352Z,load,doorbraak.be,/nl/nieuws,0.0
2016-03-25T16:33:22.352Z,load,doorbraak.be,/nl/nieuws,0.0
2016-03-25T16:33:26.826Z,load,doorbraak.be,/nl/nieuws/voortschrijdend-inzicht-bij-jo%C3%ABl-de-ceulaer,0.0
2016-03-25T16:33:26.826Z,load,doorbraak.be,/nl/nieuws/voortschrijdend-inzicht-bij-jo%C3%ABl-de-ceulaer,0.0
2016-03-25T16:33:32.034Z,load,doorbraak.be,/nl/nieuws,0.0
2016-03-25T16:33:32.034Z,load,doorbraak.be,/nl/nieuws,0.0
2016-03-25T16:33:37.095Z,load,doorbraak.be,/nl/nieuws/europa-opnieuw-oorlog,0.0
2016-03-25T16:33:37.095Z,load,doorbraak.be,/nl/nieuws/europa-opnieuw-oorlog,0.0
2016-03-25T16:34:47.215Z,load,www.knack.be,/nieuws/belgie/man-opgepakt-bij-antiterreuractie-schaarbeek-jambon-een-persoon-uit-politieapparaat-heeft-geblunderd/live-normal-681403.html,0.0
2016-03-25T16:34:47.215Z,load,www.knack.be,/nieuws/belgie/man-opgepakt-bij-antiterreuractie-schaarbeek-jambon-een-persoon-uit-politieapparaat-heeft-geblunderd/live-normal-681403.html,0.0
2016-03-25T16:37:05.725Z,load,www.standaard.be,/nieuws/meest-recent,0.0
2016-03-25T16:37:05.725Z,load,www.standaard.be,/nieuws/meest-recent,0.0
2016-03-25T16:37:43.383Z,load,toledo.kuleuven.be,/portal/,0.0
2016-03-25T16:37:43.383Z,load,toledo.kuleuven.be,/portal/,0.0
2016-03-25T16:37:45.447Z,load,toledo.kuleuven.be,/portal/,0.0
2016-03-25T16:37:45.447Z,load,toledo.kuleuven.be,/portal/,0.0
2016-03-25T16:38:35.600Z,load,p.cygnus.cc.kuleuven.be,/webapps/assignment,0.0
2016-03-25T16:38:35.600Z,load,p.cygnus.cc.kuleuven.be,/webapps/assignment,0.0
2016-03-25T16:39:52.479Z,load,weather.yahoo.com,/belgium/vlaams-brabant/,0.0
2016-03-25T16:39:52.479Z,load,weather.yahoo.com,/belgium/vlaams-brabant/,0.0
2016-03-25T16:39:56.836Z,load,weather.yahoo.com,/belgium/vlaams-brabant/vilvoorde-12602810/,0.0
2016-03-25T16:39:56.836Z,load,weather.yahoo.com,/belgium/vlaams-brabant/vilvoorde-12602810/,0.0
2016-03-25T16:40:09.439Z,load,weather.yahoo.com,/belgium/vlaams-brabant/leuven-973505/,0.0
2016-03-25T16:40:09.439Z,load,weather.yahoo.com,/belgium/vlaams-brabant/leuven-973505/,0.0
2016-03-25T16:43:50.817Z,load,www.bloomberg.com,/markets/stocks/world-indexes/americas,0.0
2016-03-25T16:43:50.817Z,load,www.bloomberg.com,/markets/stocks/world-indexes/americas,0.0
2016-03-25T16:44:06.914Z,load,www.bloomberg.com,/markets,0.0
2016-03-25T16:44:06.914Z,load,www.bloomberg.com,/markets,0.0
2016-03-25T16:44:15.463Z,load,www.bloomberg.com,/quote/TSLA:US,0.0
2016-03-25T16:44:15.463Z,load,www.bloomberg.com,/quote/TSLA:US,0.0
2016-03-25T16:44:33.584Z,load,www.bloomberg.com,/markets,0.0
2016-03-25T16:44:33.584Z,load,www.bloomberg.com,/markets,0.0
2016-03-25T16:44:50.501Z,load,www.bloomberg.com,/quote/CO1:COM,0.0
2016-03-25T16:44:50.501Z,load,www.bloomberg.com,/quote/CO1:COM,0.0
2016-03-25T16:44:58.883Z,load,www.bloomberg.com,/markets,0.0
2016-03-25T16:44:58.883Z,load,www.bloomberg.com,/markets,0.0
2016-03-25T16:45:07.117Z,load,www.bloomberg.com,/quote/CL1:COM,0.0
2016-03-25T16:45:07.117Z,load,www.bloomberg.com,/quote/CL1:COM,0.0
2016-03-25T16:51:10.089Z,load,www.bloomberg.com,/quote/CL1:COM,0.0
2016-03-25T16:51:10.089Z,load,www.bloomberg.com,/quote/CL1:COM,0.0
2016-03-25T16:56:13.418Z,load,www.bloomberg.com,/quote/CL1:COM,0.0
2016-03-25T16:56:13.418Z,load,www.bloomberg.com,/quote/CL1:COM,0.0
2016-03-25T17:01:16.548Z,load,www.bloomberg.com,/quote/CL1:COM,0.0
2016-03-25T17:01:16.548Z,load,www.bloomberg.com,/quote/CL1:COM,0.0
2016-03-25T17:06:37.011Z,load,mijn.bibliotheek.be,/portal/rest/user/2d6430a8-51e6-4911-b121-e14c2dbc1f60/library/491993,0.0
2016-03-25T17:06:37.011Z,load,mijn.bibliotheek.be,/portal/rest/user/2d6430a8-51e6-4911-b121-e14c2dbc1f60/library/491993,0.0
2016-03-25T17:07:27.208Z,load,www.hln.be,/regio/,0.0
2016-03-25T17:07:27.208Z,load,www.hln.be,/regio/,0.0
2016-03-25T17:07:34.617Z,load,www.hln.be,/regio/nieuws-uit-vilvoorde/,0.0
2016-03-25T17:07:34.617Z,load,www.hln.be,/regio/nieuws-uit-vilvoorde/,0.0
2016-03-25T17:07:50.814Z,load,www.hln.be,/hln/nl/923/Sport/index.dhtml,0.0
2016-03-25T17:07:50.814Z,load,www.hln.be,/hln/nl/923/Sport/index.dhtml,0.0
2016-03-25T17:33:52.102Z,load,www.kuleuven.be,/sport/,0.0
2016-03-25T17:33:56.764Z,load,www.kuleuven.be,/sport/sportaanbod/index.htm,0.0
2016-03-25T17:34:07.800Z,load,www.kuleuven.be,/sport/sportaanbod/index.htm,0.0
2016-03-25T17:34:15.843Z,load,www.kuleuven.be,/sport/sportaanbod/individuele-sporten/badminton,0.0
2016-03-25T17:34:27.925Z,load,www.kuleuven.be,/kuleuven/,0.0
2016-03-25T17:34:37.487Z,load,www.kuleuven.be,/sport/,0.0
2016-03-25T17:34:45.138Z,load,www.kuleuven.be,/sport/sportaanbod/index.htm,0.0
2016-03-25T17:34:51.211Z,load,www.kuleuven.be,/sport/sportaanbod/individuele-sporten/badminton,0.0
2016-03-25T17:34:56.987Z,load,www.kuleuven.be,/kuleuven/,0.0
2016-03-25T17:35:04.114Z,load,www.kuleuven.be,/sport/,0.0
2016-03-25T17:35:54.479Z,load,www.quiz-kalender.be,/provincie-antwerpen,0.0
2016-03-25T17:36:30.077Z,load,sporza.be,/cm/sporza/wielrennen,0.0
2016-03-25T17:36:35.342Z,load,sporza.be,/cm/sporza,0.0
2016-03-25T17:36:46.308Z,load,sporza.be,/cm/sporza/voetbal,0.0
2016-03-25T17:36:58.961Z,load,sporza.be,/cm/sporza/voetbal/Jupiler_Pro_League,0.0
2016-03-25T17:37:40.857Z,load,runkeeper.com,/user/jeffhoremans/profile,0.0
2016-03-25T17:37:45.507Z,load,runkeeper.com,/user/jeffhoremans/fitnessReports/cardio,0.0
2016-03-25T17:38:13.882Z,load,joglog.azurewebsites.net,/JogLiga,0.0
2016-03-25T17:38:30.622Z,load,stratenlopen.be,/calendar.php,0.0
2016-03-25T17:39:22.275Z,load,joglog.azurewebsites.net,/Jogging/List,0.0
2016-03-25T17:39:37.364Z,load,www.alma.be,/nl/campusarenberg,0.0
2016-03-25T17:39:42.889Z,load,www.alma.be,/nl/restaurant/alma-3,0.0
2016-03-25T17:39:53.275Z,load,www.worldsnooker.com,/news/,0.0
2016-03-25T17:40:34.107Z,load,deredactie.be,/cm/vrtnieuws/cultuur%2Ben%2Bmedia/film,0.0
2016-03-25T17:40:47.673Z,load,deredactie.be,/cm/vrtnieuws,0.0
2016-03-25T17:40:52.610Z,load,deredactie.be,/cm/vrtnieuws/buitenland,0.0
2016-03-25T17:41:03.971Z,load,deredactie.be,/cm/vrtnieuws/buitenland/Amerika-kiest,0.0
2016-03-25T17:42:43.168Z,load,sporza.be,/cm/sporza/voetbal,0.0
2016-03-25T17:42:50.436Z,load,sporza.be,/cm/sporza/voetbal/Jupiler_Pro_League,0.0
2016-03-25T17:43:00.309Z,load,sporza.be,/cm/sporza/voetbal/Jupiler_Pro_League/2.5199,0.0
2016-03-25T17:43:27.255Z,load,sporza.be,/cm/sporza,0.0
2016-03-25T17:43:30.743Z,load,sporza.be,/cm/sporza/tennis,0.0
2016-03-25T17:44:11.017Z,load,www.ucll.be,/dienstenvoorstudenten,0.0
2016-03-25T17:44:14.566Z,load,www.ucll.be,/studeren/student-aan-ucll/diensten-voor-studenten/diensten-voor-studenten-leuven,0.0
2016-03-25T17:44:19.496Z,load,www.ucll.be,/studeren/student-aan-ucll/diensten-voor-studenten/diensten-voor-studenten-leuven-0/sport-leuven,0.0
2016-03-25T17:44:23.936Z,load,www.ucll.be,/studeren/student-aan-ucll/diensten-voor-studenten/diensten-voor-studenten-leuven-0/sport-leuven,0.0
2016-03-25T17:44:27.998Z,load,www.ucll.be,/studeren/student-aan-ucll/campussen/campus-hertogstraat/sporthal,0.0
2016-03-25T17:44:32.125Z,load,www.ucll.be,/studeren/student-aan-ucll/campussen/campus-hertogstraat/sporthal/sportaanbod-heverlee,0.0
2016-03-25T17:44:37.131Z,load,www.ucll.be,/studeren/student-aan-ucll/campussen/campus-hertogstraat/sporthal/sportaanbod-heverlee/badminton,0.0
2016-03-25T17:49:01.276Z,load,deredactie.be,/cm/vrtnieuws/cultuur%2Ben%2Bmedia/film,0.0
2016-03-25T17:49:07.956Z,load,deredactie.be,/cm/vrtnieuws,0.0
2016-03-25T17:49:16.937Z,load,deredactie.be,/cm/vrtnieuws/buitenland,0.0
2016-03-25T17:49:24.536Z,load,deredactie.be,/cm/vrtnieuws/buitenland/Amerika-kiest,0.0
2016-03-25T17:50:02.784Z,load,sporza.be,/cm/sporza/voetbal,0.0
2016-03-25T17:50:09.801Z,load,sporza.be,/cm/sporza/voetbal/Jupiler_Pro_League,0.0
2016-03-25T17:50:20.928Z,load,sporza.be,/cm/sporza/videozone/programmas/extratime,0.0
2016-03-25T17:50:24.815Z,load,sporza.be,/cm/sporza,0.0
2016-03-25T17:50:29.458Z,load,sporza.be,/cm/sporza/voetbal,0.0
2016-03-25T17:50:41.736Z,load,sporza.be,/cm/sporza/voetbal/Jupiler_Pro_League,0.0
2016-03-25T17:50:52.184Z,load,sporza.be,/cm/sporza/voetbal/Jupiler_Pro_League/2.5199,0.0
2016-03-25T17:51:37.171Z,load,runkeeper.com,/user/jeffhoremans/profile,0.0
2016-03-25T17:51:41.528Z,load,runkeeper.com,/user/jeffhoremans/fitnessReports/cardio,0.0
2016-03-25T17:51:50.359Z,load,runkeeper.com,/home,0.0
2016-03-25T17:52:22.703Z,load,joglog.azurewebsites.net,/Jogging/List,0.0
2016-03-25T17:52:38.137Z,load,joglog.azurewebsites.net,/JogLiga,0.0
2016-03-25T17:53:12.231Z,load,stratenlopen.be,/index.php,0.0
2016-03-25T17:53:14.767Z,load,stratenlopen.be,/calendar.php,0.0
2016-03-25T17:53:25.998Z,load,stratenlopen.be,/index.php,0.0
2016-03-25T17:53:34.865Z,load,stratenlopen.be,/calendar.php,0.0
2016-03-25T17:54:00.657Z,load,www.worldsnooker.com,/news/,0.0
2016-03-25T17:54:12.956Z,load,www.worldsnooker.com,/rankings/,0.0
2016-03-25T17:54:30.208Z,load,cuetracker.net,/Statistics,0.0
2016-03-25T17:54:38.909Z,load,cuetracker.net,/Statistics/Centuries/Most-Made/All-time,0.0
2016-03-25T17:54:47.662Z,load,cuetracker.net,/Statistics,0.0
2016-03-25T17:55:14.012Z,load,cuetracker.net,/Rankings,0.0
2016-03-25T17:55:23.229Z,load,cuetracker.net,/Players,0.0
2016-03-25T17:55:31.836Z,load,cuetracker.net,/Players/Ronnie-OSullivan,0.0
2016-03-25T17:55:55.717Z,load,www.quiz-kalender.be,/provincie-antwerpen,0.0
2016-03-25T17:56:30.395Z,load,sporza.be,/cm/sporza/voetbal,0.0
2016-03-25T17:59:12.213Z,load,deredactie.be,/cm/vrtnieuws/regio/antwerpen,0.0
2016-03-25T17:59:39.732Z,load,sporza.be,/cm/sporza/wielrennen,0.0
2016-03-25T17:59:43.048Z,load,sporza.be,/cm/sporza,0.0
2016-03-25T17:59:45.968Z,load,sporza.be,/cm/sporza/tennis,0.0
2016-03-25T17:59:52.615Z,load,sporza.be,/cm/sporza,0.0
2016-03-25T17:59:58.511Z,load,sporza.be,/cm/sporza/voetbal/Jupiler_Pro_League,0.0
2016-03-25T18:00:03.802Z,load,sporza.be,/cm/sporza,0.0
2016-03-25T18:00:06.919Z,load,sporza.be,/cm/sporza/voetbal,0.0
2016-03-25T18:00:13.802Z,load,sporza.be,/cm/sporza/voetbal/Jupiler_Pro_League,0.0
2016-03-25T18:01:21.558Z,load,www.kuleuven.be,/sport/,0.0
2016-03-25T18:01:25.250Z,load,www.kuleuven.be,/sport/sportaanbod/index.htm,0.0
2016-03-25T18:01:29.446Z,load,www.kuleuven.be,/sport/sportaanbod/individuele-sporten/badminton,0.0
