www.nieuwsblad.be,www.nieuwsblad.be/cnt/dmf20160229_02155576
www.nieuwsblad.be/regio/startgemeente,www.nieuwsblad.be/regio/startgemeente
www.reddit.com/r/ProgrammerHumor,www.reddit.com/r/ProgrammerHumor
webdiplomacy.net,webdiplomacy.net
webdiplomacy.net,webdiplomacy.net
www.reddit.com/r/recruitinghell,www.reddit.com/r/recruitinghell/comments/437tt5/you_woke_me_up_for_this
webdiplomacy.net,webdiplomacy.net
webdiplomacy.net,webdiplomacy.net
www.reddit.com/r/photoshopbattles,www.reddit.com/r/photoshopbattles/comments/488v5v/psbattle_dicaprio_gets_an_oscar_for_best_actor
webdiplomacy.net,webdiplomacy.net
webdiplomacy.net,webdiplomacy.net
webdiplomacy.net,webdiplomacy.net
webdiplomacy.net,webdiplomacy.net
www.reddit.com/me/m/all_subs,www.reddit.com/me/m/all_subs
www.reddit.com/r/ProgrammerHumor,www.reddit.com/r/ProgrammerHumor
www.reddit.com/r/recruitinghell,www.reddit.com/r/recruitinghell/comments/437tt5/you_woke_me_up_for_this
www.reddit.com/r/photoshopbattles,www.reddit.com/r/photoshopbattles/comments/488v5v/psbattle_dicaprio_gets_an_oscar_for_best_actor
www.reddit.com/r/photoshopbattles/comments/488v5v/psbattle_dicaprio_gets_an_oscar_for_best_actor,www.reddit.com/r/photoshopbattles/comments/488v5v/psbattle_dicaprio_gets_an_oscar_for_best_actor
www.nieuwsblad.be,www.nieuwsblad.be/cnt/dmf20160229_02155576
webdiplomacy.net,webdiplomacy.net
webdiplomacy.net,webdiplomacy.net
webdiplomacy.net,webdiplomacy.net
webdiplomacy.net,webdiplomacy.net
webdiplomacy.net,webdiplomacy.net
webdiplomacy.net,webdiplomacy.net
www.reddit.com/r/recruitinghell,www.reddit.com/r/recruitinghell/comments/437tt5/you_woke_me_up_for_this
www.reddit.com/r/ProgrammerHumor/comments/483tvl/source_code_is_important,www.reddit.com/r/ProgrammerHumor/comments/483tvl/source_code_is_important
webdiplomacy.net,webdiplomacy.net
webdiplomacy.net,webdiplomacy.net
webdiplomacy.net,webdiplomacy.net
stackoverflow.com,stackoverflow.com/jobs
stackoverflow.com/questions/35701337/java-8-lambda-get-and-remove-element-from-list,stackoverflow.com/questions/35701337/java-8-lambda-get-and-remove-element-from-list
stackoverflow.com,stackoverflow.com/jobs
www.overleaf.com,www.overleaf.com/latex/templates
www.overleaf.com/benefits,www.overleaf.com/benefits
www.overleaf.com/plans,www.overleaf.com/plans
www.overleaf.com/plans,www.overleaf.com/plans
www.overleaf.com/plans,www.overleaf.com/plans
www.overleaf.com/latex/templates,www.overleaf.com/latex/templates
www.overleaf.com,www.overleaf.com/latex/templates
www.overleaf.com/latex/templates,www.overleaf.com/latex/templates
www.overleaf.com/latex/templates,www.overleaf.com/latex/templates
www.overleaf.com/gallery/tagged/academic-journal,www.overleaf.com/gallery/tagged/academic-journal
www.overleaf.com/latex/templates/springer-lecture-notes-in-computer-science/kzwwpvhwnvfj,www.overleaf.com/latex/templates/springer-lecture-notes-in-computer-science/kzwwpvhwnvfj
webdiplomacy.net,webdiplomacy.net
webdiplomacy.net,webdiplomacy.net
webdiplomacy.net,webdiplomacy.net
webdiplomacy.net,webdiplomacy.net
webdiplomacy.net,webdiplomacy.net
webdiplomacy.net,webdiplomacy.net
webdiplomacy.net,webdiplomacy.net
webdiplomacy.net,webdiplomacy.net
webdiplomacy.net,webdiplomacy.net
www.google.be,www.google.be/intl/en/about
www.google.be,www.google.be/intl/en/about
trademark-info.net,trademark-info.net
uk.businessinsider.com,uk.businessinsider.com/tech
uk.businessinsider.com/strategy,uk.businessinsider.com/strategy
uk.businessinsider.com/ceo-calls-his-mom-every-day-2016-2555,uk.businessinsider.com/ceo-calls-his-mom-every-day-2016-2555
uk.businessinsider.com/mercer-2016-quality-of-living-worldwide-city-rankings-2016-2,uk.businessinsider.com/mercer-2016-quality-of-living-worldwide-city-rankings-2016-2
uk.businessinsider.com,uk.businessinsider.com/tech
uk.businessinsider.com,uk.businessinsider.com/tech
uk.businessinsider.com/tech,uk.businessinsider.com/tech
uk.businessinsider.com,uk.businessinsider.com/tech
uk.businessinsider.com/tech,uk.businessinsider.com/tech
uk.businessinsider.com/google-just-took-a-much-clearer-stance-on-banning-ad-blocking-apps-but-ad-blocking-browsers-are-still-ok-2016-3,uk.businessinsider.com/google-just-took-a-much-clearer-stance-on-banning-ad-blocking-apps-but-ad-blocking-browsers-are-still-ok-2016-3
www.google.be,www.google.be/intl/en/about
uk.businessinsider.com,uk.businessinsider.com/tech
uk.businessinsider.com/tech,uk.businessinsider.com/tech
uk.businessinsider.com/facebook-is-going-to-pay-a-lot-more-tax-in-the-uk-2016-3,uk.businessinsider.com/facebook-is-going-to-pay-a-lot-more-tax-in-the-uk-2016-3
uk.businessinsider.com/tech,uk.businessinsider.com/tech
www.google.be,www.google.be/intl/en/about
www.google.be,www.google.be/intl/en/about
nl.wikipedia.org/wiki/IT_service_management,nl.wikipedia.org/wiki/IT_service_management
www.hln.be,www.hln.be/hln/nl/961/Wetenschap
www.hln.be/hln/nl/923/Sport/index.dhtml,www.hln.be/hln/nl/923/Sport/index.dhtml
www.hln.be/hln/nl/9090/Voetbal/index.dhtml,www.hln.be/hln/nl/9090/Voetbal/index.dhtml
www.hln.be/hln/nl/9090/Voetbal/index.dhtml,www.hln.be/hln/nl/9090/Voetbal/index.dhtml
sporza.be/cm/sporza,sporza.be/cm/sporza/voetbal/Jupiler_Pro_League
sporza.be/cm/sporza/voetbal,sporza.be/cm/sporza/voetbal/Jupiler_Pro_League/2.5199
sporza.be/cm/sporza/voetbal/Jupiler_Pro_League,sporza.be/cm/sporza/voetbal/Jupiler_Pro_League/2.5199
www.kuleuven.be/kuleuven,www.kuleuven.be/kuleuven
www.kuleuven.be/toekomstigestudenten/info-per-campus.php,www.kuleuven.be/toekomstigestudenten/info-per-campus.php
onderwijsaanbod.kuleuven.be/opleidingen/n,onderwijsaanbod.kuleuven.be/opleidingen/n/SC_51016775.htm
onderwijsaanbod.kuleuven.be/opleidingen/n/CQ_50268901.htm,onderwijsaanbod.kuleuven.be/opleidingen/n/CQ_50268901.htm
www.hln.be,www.hln.be/hln/nl/961/Wetenschap
www.hln.be/hln/nl/923/Sport/index.dhtml,www.hln.be/hln/nl/923/Sport/index.dhtml
sporza.be/cm/sporza,sporza.be/cm/sporza/voetbal/Jupiler_Pro_League
sporza.be/cm/sporza/voetbal,sporza.be/cm/sporza/voetbal/Jupiler_Pro_League/2.5199
sporza.be/cm/sporza/voetbal/Jupiler_Pro_League,sporza.be/cm/sporza/voetbal/Jupiler_Pro_League/2.5199
deredactie.be/cm/vrtnieuws,deredactie.be/cm/vrtnieuws/regio/antwerpen
9gag.com,9gag.com/trending
www.kuleuven.be/kuleuven,www.kuleuven.be/kuleuven
www.kuleuven.be/toekomstigestudenten/info-per-campus.php,www.kuleuven.be/toekomstigestudenten/info-per-campus.php
onderwijsaanbod.kuleuven.be/opleidingen/n,onderwijsaanbod.kuleuven.be/opleidingen/n/SC_51016775.htm
onderwijsaanbod.kuleuven.be/opleidingen/n/CQ_50268901.htm,onderwijsaanbod.kuleuven.be/opleidingen/n/CQ_50268901.htm
www.cedarpoint.com,www.cedarpoint.com/online-fun/live-video-cam
www.cedarpoint.com/online-fun,www.cedarpoint.com/online-fun/live-video-cam
www.cedarpoint.com/online-fun/live-video-cam,www.cedarpoint.com/online-fun/live-video-cam
www.cedarpoint.com,www.cedarpoint.com/online-fun/live-video-cam
www.cedarpoint.com/online-fun,www.cedarpoint.com/online-fun/live-video-cam
www.radio1.be,www.radio1.be/programmas/playlists/overzicht
www.radio1.be/programmas/overzicht,www.radio1.be/programmas/overzicht
www.radio1.be,www.radio1.be/programmas/playlists/overzicht
www.radio1.be/programmas/overzicht,www.radio1.be/programmas/overzicht
www.nationale-loterij.be/nl,www.nationale-loterij.be/nl/onze-spelen/euro-millions/resultaten
www.nationale-loterij.be/nl/onze-spelen,www.nationale-loterij.be/nl/onze-spelen/euro-millions/resultaten
www.nationale-loterij.be/nl,www.nationale-loterij.be/nl/onze-spelen/euro-millions/resultaten
www.nationale-loterij.be/nl/onze-spelen,www.nationale-loterij.be/nl/onze-spelen/euro-millions/resultaten
sporza.be/cm/sporza,sporza.be/cm/sporza/voetbal/Jupiler_Pro_League
sporza.be/cm/sporza/tennis,sporza.be/cm/sporza/tennis/ranglijsten
sporza.be/cm/sporza,sporza.be/cm/sporza/voetbal/Jupiler_Pro_League
sporza.be/cm/sporza/tennis,sporza.be/cm/sporza/tennis/ranglijsten
sporza.be/cm/sporza,sporza.be/cm/sporza/voetbal/Jupiler_Pro_League
sporza.be/cm/sporza/tennis,sporza.be/cm/sporza/tennis/ranglijsten
www.hbvl.be,www.hbvl.be/tot-uw-dienst/info-en-contact
www.hbvl.be/tot-uw-dienst/ik-ben-abonnee,www.hbvl.be/tot-uw-dienst/ik-ben-abonnee
www.hbvl.be,www.hbvl.be/tot-uw-dienst/info-en-contact
www.hbvl.be,www.hbvl.be/tot-uw-dienst/info-en-contact
www.hbvl.be/tot-uw-dienst/ik-ben-abonnee,www.hbvl.be/tot-uw-dienst/ik-ben-abonnee
tweakers.net,tweakers.net/categorie/215/smartphones/producten
tweakers.net/pricewatch,tweakers.net/pricewatch
tweakers.net,tweakers.net/categorie/215/smartphones/producten
tweakers.net/pricewatch,tweakers.net/pricewatch
tweakers.net/categorie/496/laptops/producten,tweakers.net/categorie/496/laptops/producten
tweakers.net/pricewatch,tweakers.net/pricewatch
www.cedarpoint.com,www.cedarpoint.com/online-fun/live-video-cam
www.cedarpoint.com/online-fun,www.cedarpoint.com/online-fun/live-video-cam
www.cedarpoint.com/online-fun/live-video-cam,www.cedarpoint.com/online-fun/live-video-cam
www.cedarpoint.com,www.cedarpoint.com/online-fun/live-video-cam
www.cedarpoint.com/online-fun,www.cedarpoint.com/online-fun/live-video-cam
www.cedarpoint.com,www.cedarpoint.com/online-fun/live-video-cam
www.cedarpoint.com/online-fun,www.cedarpoint.com/online-fun/live-video-cam
www.radio1.be,www.radio1.be/programmas/playlists/overzicht
www.radio1.be/programmas/overzicht,www.radio1.be/programmas/overzicht
www.nationale-loterij.be/nl,www.nationale-loterij.be/nl/onze-spelen/euro-millions/resultaten
www.nationale-loterij.be/nl/onze-spelen,www.nationale-loterij.be/nl/onze-spelen/euro-millions/resultaten
sporza.be/cm/sporza,sporza.be/cm/sporza/voetbal/Jupiler_Pro_League
sporza.be/cm/sporza/tennis,sporza.be/cm/sporza/tennis/ranglijsten
www.hbvl.be,www.hbvl.be/tot-uw-dienst/info-en-contact
www.hbvl.be/tot-uw-dienst/ik-ben-abonnee,www.hbvl.be/tot-uw-dienst/ik-ben-abonnee
twitter.com,twitter.com
tweakers.net,tweakers.net/categorie/215/smartphones/producten
tweakers.net/pricewatch,tweakers.net/pricewatch
www.cedarpoint.com,www.cedarpoint.com/online-fun/live-video-cam
www.cedarpoint.com/online-fun,www.cedarpoint.com/online-fun/live-video-cam
www.nationale-loterij.be/nl,www.nationale-loterij.be/nl/onze-spelen/euro-millions/resultaten
www.nationale-loterij.be/nl/onze-spelen,www.nationale-loterij.be/nl/onze-spelen/euro-millions/resultaten
www.instagram.com/kuleuven,www.instagram.com/kuleuven
www.apple.com,www.apple.com/iphone-6s
www.apple.com/iphone,www.apple.com/iphone
www.apple.com,www.apple.com/iphone-6s
www.apple.com/iphone,www.apple.com/iphone
www.google.be,www.google.be/intl/en/about
www.google.be/intl/en/about,www.google.be/intl/en/about
www.google.be,www.google.be/intl/en/about
www.cedarpoint.com,www.cedarpoint.com/online-fun/live-video-cam
www.cedarpoint.com/online-fun,www.cedarpoint.com/online-fun/live-video-cam
sporza.be/cm/sporza,sporza.be/cm/sporza/voetbal/Jupiler_Pro_League
sporza.be/cm/sporza/tennis,sporza.be/cm/sporza/tennis/ranglijsten
www.hbvl.be,www.hbvl.be/tot-uw-dienst/info-en-contact
www.hbvl.be/tot-uw-dienst/ik-ben-abonnee,www.hbvl.be/tot-uw-dienst/ik-ben-abonnee
www.radio1.be,www.radio1.be/programmas/playlists/overzicht
www.radio1.be/programmas/overzicht,www.radio1.be/programmas/overzicht
www.nationale-loterij.be/nl,www.nationale-loterij.be/nl/onze-spelen/euro-millions/resultaten
www.nationale-loterij.be/nl/onze-spelen,www.nationale-loterij.be/nl/onze-spelen/euro-millions/resultaten
www.cedarpoint.com,www.cedarpoint.com/online-fun/live-video-cam
www.cedarpoint.com/online-fun,www.cedarpoint.com/online-fun/live-video-cam
www.bol.com/nl/index.html,www.bol.com/nl/index.html
www.bol.com/nl/boeken/nederlandse-boeken/index.html,www.bol.com/nl/boeken/nederlandse-boeken/index.html
www.bol.com/nl/index.html,www.bol.com/nl/index.html
www.bol.com/nl/boeken/nederlandse-boeken/index.html,www.bol.com/nl/boeken/nederlandse-boeken/index.html
www.youtube.com,www.youtube.com/yt/dev/api-resources.html
www.youtube.com/yt/dev,www.youtube.com/yt/dev/api-resources.html
www.youtube.com,www.youtube.com/yt/dev/api-resources.html
www.youtube.com/yt/dev,www.youtube.com/yt/dev/api-resources.html
www.kapaza.be,www.kapaza.be/nl/auto
www.kapaza.be/nl/auto,www.kapaza.be/nl/auto
www.kapaza.be,www.kapaza.be/nl/auto
www.kapaza.be/nl/auto,www.kapaza.be/nl/auto
www.radio1.be,www.radio1.be/programmas/playlists/overzicht
www.radio1.be/programmas/overzicht,www.radio1.be/programmas/overzicht
www.nationale-loterij.be/nl,www.nationale-loterij.be/nl/onze-spelen/euro-millions/resultaten
www.nationale-loterij.be/nl/onze-spelen,www.nationale-loterij.be/nl/onze-spelen/euro-millions/resultaten
sporza.be/cm/sporza,sporza.be/cm/sporza/voetbal/Jupiler_Pro_League
sporza.be/cm/sporza/tennis,sporza.be/cm/sporza/tennis/ranglijsten
www.apple.com,www.apple.com/iphone-6s
www.apple.com/iphone,www.apple.com/iphone
tweakers.net,tweakers.net/categorie/215/smartphones/producten
tweakers.net/pricewatch,tweakers.net/pricewatch
www.hbvl.be,www.hbvl.be/tot-uw-dienst/info-en-contact
www.hbvl.be/tot-uw-dienst/ik-ben-abonnee,www.hbvl.be/tot-uw-dienst/ik-ben-abonnee
www.google.be,www.google.be/intl/en/about
www.instagram.com/kuleuven,www.instagram.com/kuleuven
www.nationale-loterij.be/nl,www.nationale-loterij.be/nl/onze-spelen/euro-millions/resultaten
www.nationale-loterij.be/nl/onze-spelen,www.nationale-loterij.be/nl/onze-spelen/euro-millions/resultaten
www.apple.com,www.apple.com/iphone-6s
www.apple.com/iphone,www.apple.com/iphone
www.apple.com,www.apple.com/iphone-6s
www.apple.com/iphone,www.apple.com/iphone
sporza.be/cm/sporza,sporza.be/cm/sporza/voetbal/Jupiler_Pro_League
sporza.be/cm/sporza/tennis,sporza.be/cm/sporza/tennis/ranglijsten
www.radio1.be,www.radio1.be/programmas/playlists/overzicht
www.radio1.be/programmas/overzicht,www.radio1.be/programmas/overzicht
www.bol.com/nl/index.html,www.bol.com/nl/index.html
www.bol.com/nl/boeken/nederlandse-boeken/index.html,www.bol.com/nl/boeken/nederlandse-boeken/index.html
www.bol.com/nl/index.html,www.bol.com/nl/index.html
www.bol.com/nl/boeken/nederlandse-boeken/index.html,www.bol.com/nl/boeken/nederlandse-boeken/index.html
www.youtube.com,www.youtube.com/yt/dev/api-resources.html
www.youtube.com/yt/dev,www.youtube.com/yt/dev/api-resources.html
www.youtube.com,www.youtube.com/yt/dev/api-resources.html
www.youtube.com/yt/dev,www.youtube.com/yt/dev/api-resources.html
www.radio1.be,www.radio1.be/programmas/playlists/overzicht
www.radio1.be/programmas/overzicht,www.radio1.be/programmas/overzicht
www.nationale-loterij.be/nl,www.nationale-loterij.be/nl/onze-spelen/euro-millions/resultaten
www.nationale-loterij.be/nl/onze-spelen,www.nationale-loterij.be/nl/onze-spelen/euro-millions/resultaten
sporza.be/cm/sporza,sporza.be/cm/sporza/voetbal/Jupiler_Pro_League
sporza.be/cm/sporza/tennis,sporza.be/cm/sporza/tennis/ranglijsten
www.hbvl.be,www.hbvl.be/tot-uw-dienst/info-en-contact
www.hbvl.be/tot-uw-dienst/ik-ben-abonnee,www.hbvl.be/tot-uw-dienst/ik-ben-abonnee
tweakers.net,tweakers.net/categorie/215/smartphones/producten
tweakers.net/pricewatch,tweakers.net/pricewatch
www.instagram.com/kuleuven,www.instagram.com/kuleuven
www.apple.com,www.apple.com/iphone-6s
www.apple.com/iphone,www.apple.com/iphone
www.google.be,www.google.be/intl/en/about
www.bol.com/nl/index.html,www.bol.com/nl/index.html
www.bol.com/nl/boeken/nederlandse-boeken/index.html,www.bol.com/nl/boeken/nederlandse-boeken/index.html
www.kapaza.be,www.kapaza.be/nl/auto
www.kapaza.be/nl/auto,www.kapaza.be/nl/auto
www.kapaza.be,www.kapaza.be/nl/auto
www.kapaza.be/nl/auto,www.kapaza.be/nl/auto
www.google.be,www.google.be/intl/en/about
www.google.be/intl/en/about,www.google.be/intl/en/about
www.google.be,www.google.be/intl/en/about
tweakers.net,tweakers.net/categorie/215/smartphones/producten
tweakers.net/pricewatch,tweakers.net/pricewatch
tweakers.net,tweakers.net/categorie/215/smartphones/producten
tweakers.net/pricewatch,tweakers.net/pricewatch
www.hbvl.be,www.hbvl.be/tot-uw-dienst/info-en-contact
www.hbvl.be/tot-uw-dienst/ik-ben-abonnee,www.hbvl.be/tot-uw-dienst/ik-ben-abonnee
www.youtube.com,www.youtube.com/yt/dev/api-resources.html
www.youtube.com/yt/dev,www.youtube.com/yt/dev/api-resources.html
www.youtube.com,www.youtube.com/yt/dev/api-resources.html
www.youtube.com/yt/dev,www.youtube.com/yt/dev/api-resources.html
sporza.be/cm/sporza,sporza.be/cm/sporza/voetbal/Jupiler_Pro_League
www.apple.com,www.apple.com/iphone-6s
www.apple.com/iphone,www.apple.com/iphone
www.kapaza.be,www.kapaza.be/nl/auto
www.kapaza.be/nl/auto,www.kapaza.be/nl/auto
www.youtube.com,www.youtube.com/yt/dev/api-resources.html
www.youtube.com/yt/dev,www.youtube.com/yt/dev/api-resources.html
people.cs.kuleuven.be/~bart.demoen,people.cs.kuleuven.be/~bart.demoen/FCW
people.cs.kuleuven.be/~bart.demoen/FCW,people.cs.kuleuven.be/~bart.demoen/FCW
people.cs.kuleuven.be/~bart.demoen,people.cs.kuleuven.be/~bart.demoen/FCW
people.cs.kuleuven.be/~bart.demoen/FCW,people.cs.kuleuven.be/~bart.demoen/FCW
www.vier.be,www.vier.be/demol/programmas/de-mol
www.vier.be/programmas,www.vier.be/programmas
www.vier.be/demol/programmas/de-mol,www.vier.be/demol/programmas/de-mol
www.vier.be/volledige-afleveringen/964036,www.vier.be/volledige-afleveringen/964036
www.vier.be,www.vier.be/demol/programmas/de-mol
www.vier.be/programmas,www.vier.be/programmas
www.vier.be/demol/programmas/de-mol,www.vier.be/demol/programmas/de-mol
www.vier.be/volledige-afleveringen/964036,www.vier.be/volledige-afleveringen/964036
people.cs.kuleuven.be/~bart.demoen,people.cs.kuleuven.be/~bart.demoen/FCW
people.cs.kuleuven.be/~bart.demoen/FCW,people.cs.kuleuven.be/~bart.demoen/FCW
www.twitch.tv,www.twitch.tv/directory/all
www.twitch.tv,www.twitch.tv/directory/all
webwsp.aps.kuleuven.be/sap(bD1ubCZjPTIwMA==)/public/bsp/sap/z_mijnuurrstrs,webwsp.aps.kuleuven.be/sap(bD1ubCZjPTIwMA==)/public/bsp/sap/z_mijnuurrstrs
deredactie.be/cm/vrtnieuws,deredactie.be/cm/vrtnieuws/regio/antwerpen
deredactie.be/cm/vrtnieuws,deredactie.be/cm/vrtnieuws/regio/antwerpen
www.vier.be,www.vier.be/demol/programmas/de-mol
www.vier.be/programmas,www.vier.be/programmas
www.vier.be/demol/programmas/de-mol,www.vier.be/demol/programmas/de-mol
www.vier.be/volledige-afleveringen/964036,www.vier.be/volledige-afleveringen/964036
www.twitch.tv,www.twitch.tv/directory/all
people.cs.kuleuven.be/~bart.demoen,people.cs.kuleuven.be/~bart.demoen/FCW
people.cs.kuleuven.be/~bart.demoen/FCW,people.cs.kuleuven.be/~bart.demoen/FCW
people.cs.kuleuven.be/~bart.demoen/FCW,people.cs.kuleuven.be/~bart.demoen/FCW
people.cs.kuleuven.be/~bart.demoen/FCW,people.cs.kuleuven.be/~bart.demoen/FCW
www.twitch.tv,www.twitch.tv/directory/all
www.vier.be,www.vier.be/demol/programmas/de-mol
www.vier.be,www.vier.be/demol/programmas/de-mol
www.vier.be/programmas,www.vier.be/programmas
www.vier.be/demol/programmas/de-mol,www.vier.be/demol/programmas/de-mol
www.vier.be/volledige-afleveringen/964036,www.vier.be/volledige-afleveringen/964036
www.kuleuven.be/kuleuven/crisis,www.kuleuven.be/kuleuven/crisis
cygnus.cc.kuleuven.be/webapps/portal/execute/tabs,cygnus.cc.kuleuven.be/webapps/portal/execute/tabs
cygnus.cc.kuleuven.be/webapps/blackboard/execute,cygnus.cc.kuleuven.be/webapps/blackboard/execute/course/tools
cygnus.cc.kuleuven.be/webapps/blackboard/execute/course/tools,cygnus.cc.kuleuven.be/webapps/blackboard/execute/course/tools
cygnus.cc.kuleuven.be/webapps/discussionboard/do,cygnus.cc.kuleuven.be/webapps/discussionboard/do
cygnus.cc.kuleuven.be/webapps/portal/execute/tabs,cygnus.cc.kuleuven.be/webapps/portal/execute/tabs
cygnus.cc.kuleuven.be/webapps/blackboard/execute,cygnus.cc.kuleuven.be/webapps/blackboard/execute/course/tools
cygnus.cc.kuleuven.be/webapps/blackboard/content,cygnus.cc.kuleuven.be/webapps/blackboard/content
cygnus.cc.kuleuven.be/webapps/blackboard/execute/course/tools,cygnus.cc.kuleuven.be/webapps/blackboard/execute/course/tools
cygnus.cc.kuleuven.be/webapps/discussionboard/do,cygnus.cc.kuleuven.be/webapps/discussionboard/do
cygnus.cc.kuleuven.be/webapps/discussionboard/do,cygnus.cc.kuleuven.be/webapps/discussionboard/do
cygnus.cc.kuleuven.be/webapps/discussionboard/do,cygnus.cc.kuleuven.be/webapps/discussionboard/do
cygnus.cc.kuleuven.be/webapps/discussionboard/do,cygnus.cc.kuleuven.be/webapps/discussionboard/do
www.vier.be,www.vier.be/demol/programmas/de-mol
www.vier.be/programmas,www.vier.be/programmas
www.vier.be/demol/programmas/de-mol,www.vier.be/demol/programmas/de-mol
www.vier.be/volledige-afleveringen/964036,www.vier.be/volledige-afleveringen/964036
people.cs.kuleuven.be/~bart.demoen,people.cs.kuleuven.be/~bart.demoen/FCW
people.cs.kuleuven.be/~bart.demoen/FCW,people.cs.kuleuven.be/~bart.demoen/FCW
people.cs.kuleuven.be/~bart.demoen/FCW,people.cs.kuleuven.be/~bart.demoen/FCW
people.cs.kuleuven.be/~bart.demoen/FCW,people.cs.kuleuven.be/~bart.demoen/FCW
deredactie.be/cm/vrtnieuws,deredactie.be/cm/vrtnieuws/regio/antwerpen
www.twitch.tv,www.twitch.tv/directory/all
www.vier.be,www.vier.be/demol/programmas/de-mol
www.vier.be,www.vier.be/demol/programmas/de-mol
www.vier.be/programmas,www.vier.be/programmas
www.vier.be/theskyisthelimit/programmas/sky-limit,www.vier.be/theskyisthelimit/programmas/sky-limit
www.vier.be/volledige-afleveringen/105073,www.vier.be/volledige-afleveringen/105073
www.vier.be/theskyisthelimit/programmas/sky-limit,www.vier.be/theskyisthelimit/programmas/sky-limit
www.vier.be/programmas,www.vier.be/programmas
www.vier.be/demol/programmas/de-mol,www.vier.be/demol/programmas/de-mol
www.vier.be/volledige-afleveringen/964036,www.vier.be/volledige-afleveringen/964036
www.vier.be/demol/programmas/de-mol,www.vier.be/demol/programmas/de-mol
www.sciencedirect.com/science/article/pii/S0888613X02000841,www.sciencedirect.com/science/article/pii/S0888613X02000841
academic.research.microsoft.com,academic.research.microsoft.com
ieeexplore.ieee.org/xpls,ieeexplore.ieee.org/xpls
sporza.be/cm/sporza,sporza.be/cm/sporza/voetbal/Jupiler_Pro_League
sporza.be/cm/sporza/atletiek,sporza.be/cm/sporza/atletiek/WK_atletiek
toledo.kuleuven.be,toledo.kuleuven.be/portal
toledo.kuleuven.be/studenten,toledo.kuleuven.be/studenten
www.kuleuven.be/kuleuven/crisis,www.kuleuven.be/kuleuven/crisis
www.kuleuven.be/studenten,www.kuleuven.be/studenten
eng.kuleuven.be/studenten,eng.kuleuven.be/studenten/masterproef/masterproef/index.html
www.hln.be,www.hln.be/hln/nl/961/Wetenschap
www.hln.be/hln/nl/961/Wetenschap/index.dhtml,www.hln.be/hln/nl/961/Wetenschap/index.dhtml
www.hln.be/hln/nl/961/Wetenschap/2324/Global-Warming/actua/index.dhtml,www.hln.be/hln/nl/961/Wetenschap/2324/Global-Warming/actua/index.dhtml
southpark.cc.com,southpark.cc.com/full-episodes/s19e05-safe-space
southpark.cc.com/full-episodes,southpark.cc.com/full-episodes/s19e05-safe-space
www.kuleuven.be/kuleuven/crisis,www.kuleuven.be/kuleuven/crisis
www.kuleuven.be/studenten,www.kuleuven.be/studenten
eng.kuleuven.be/studenten,eng.kuleuven.be/studenten/masterproef/masterproef/index.html
www.hln.be,www.hln.be/hln/nl/961/Wetenschap
www.hln.be/hln/nl/961/Wetenschap/index.dhtml,www.hln.be/hln/nl/961/Wetenschap/index.dhtml
www.kuleuven.be/kuleuven/crisis,www.kuleuven.be/kuleuven/crisis
www.kuleuven.be/studenten,www.kuleuven.be/studenten
eng.kuleuven.be/studenten,eng.kuleuven.be/studenten/masterproef/masterproef/index.html
www.hln.be,www.hln.be/hln/nl/961/Wetenschap
sporza.be/cm/sporza,sporza.be/cm/sporza/voetbal/Jupiler_Pro_League
sporza.be/cm/sporza/atletiek,sporza.be/cm/sporza/atletiek/WK_atletiek
southpark.cc.com,southpark.cc.com/full-episodes/s19e05-safe-space
southpark.cc.com/full-episodes,southpark.cc.com/full-episodes/s19e05-safe-space
www.kuleuven.be/kuleuven/crisis,www.kuleuven.be/kuleuven/crisis
www.kuleuven.be/studenten,www.kuleuven.be/studenten
eng.kuleuven.be/studenten,eng.kuleuven.be/studenten/masterproef/masterproef/index.html
eng.kuleuven.be/studenten/examens-evaluatie-diploma-1/index,eng.kuleuven.be/studenten/examens-evaluatie-diploma-1/index
sporza.be/cm/sporza,sporza.be/cm/sporza/voetbal/Jupiler_Pro_League
sporza.be/cm/sporza/atletiek,sporza.be/cm/sporza/atletiek/WK_atletiek
www.hln.be,www.hln.be/hln/nl/961/Wetenschap
www.hln.be/hln/nl/961/Wetenschap/index.dhtml,www.hln.be/hln/nl/961/Wetenschap/index.dhtml
www.kuleuven.be/kuleuven/crisis,www.kuleuven.be/kuleuven/crisis
www.kuleuven.be/studenten,www.kuleuven.be/studenten
eng.kuleuven.be/studenten,eng.kuleuven.be/studenten/masterproef/masterproef/index.html
southpark.cc.com,southpark.cc.com/full-episodes/s19e05-safe-space
southpark.cc.com/full-episodes,southpark.cc.com/full-episodes/s19e05-safe-space
www.kuleuven.be/kuleuven/crisis,www.kuleuven.be/kuleuven/crisis
www.kuleuven.be/studenten,www.kuleuven.be/studenten
eng.kuleuven.be/studenten,eng.kuleuven.be/studenten/masterproef/masterproef/index.html
eng.kuleuven.be/studenten/examens-evaluatie-diploma-1/index,eng.kuleuven.be/studenten/examens-evaluatie-diploma-1/index
sporza.be/cm/sporza,sporza.be/cm/sporza/voetbal/Jupiler_Pro_League
sporza.be/cm/sporza/atletiek,sporza.be/cm/sporza/atletiek/WK_atletiek
stackoverflow.com,stackoverflow.com/jobs
stackoverflow.com/jobs,stackoverflow.com/jobs
www.standaard.be,www.standaard.be/nieuws/sport/atletiek
www.standaard.be/cnt/dmf20160322_02197048,www.standaard.be/cnt/dmf20160322_02197048
www.standaard.be,www.standaard.be/nieuws/sport/atletiek
www.standaard.be/nieuws/sport,www.standaard.be/nieuws/sport/atletiek
www.meteovista.be/Europa/Belgie/Leuven/4054147,www.meteovista.be/Europa/Belgie/Leuven/4054147
www.kuleuven.be/kuleuven,www.kuleuven.be/kuleuven
www.kuleuven.be/studeren,www.kuleuven.be/studeren
eng.kuleuven.be/studenten,eng.kuleuven.be/studenten/masterproef/masterproef/index.html
eng.kuleuven.be/studenten/examens-evaluatie-diploma-1/index,eng.kuleuven.be/studenten/examens-evaluatie-diploma-1/index
www.hln.be,www.hln.be/hln/nl/961/Wetenschap
www.hln.be/hln/nl/923/Sport/index.dhtml,www.hln.be/hln/nl/923/Sport/index.dhtml
www.hln.be/hln/nl/9090/Voetbal/index.dhtml,www.hln.be/hln/nl/9090/Voetbal/index.dhtml
www.kuleuven.be/kuleuven,www.kuleuven.be/kuleuven
www.kuleuven.be/studenten,www.kuleuven.be/studenten
wet.kuleuven.be/studenten/index.html,wet.kuleuven.be/studenten/index.html
onderwijsaanbod.kuleuven.be/opleidingen/n,onderwijsaanbod.kuleuven.be/opleidingen/n/SC_51016775.htm
onderwijsaanbod.kuleuven.be/opleidingen/n/CQ_50268901.htm,onderwijsaanbod.kuleuven.be/opleidingen/n/CQ_50268901.htm
onderwijsaanbod.kuleuven.be/opleidingen/n/SC_51016775.htm,onderwijsaanbod.kuleuven.be/opleidingen/n/SC_51016775.htm
onderwijsaanbod.kuleuven.be/opleidingen/n/CQ_50268901.htm,onderwijsaanbod.kuleuven.be/opleidingen/n/CQ_50268901.htm
www.standaard.be,www.standaard.be/nieuws/sport/atletiek
sporza.be/cm/sporza,sporza.be/cm/sporza/voetbal/Jupiler_Pro_League
www.standaard.be/nieuws/sport,www.standaard.be/nieuws/sport/atletiek
sporza.be/cm/sporza/voetbal,sporza.be/cm/sporza/voetbal/Jupiler_Pro_League/2.5199
www.kuleuven.be/kuleuven,www.kuleuven.be/kuleuven
www.kuleuven.be/studenten,www.kuleuven.be/studenten
wet.kuleuven.be/studenten/index.html,wet.kuleuven.be/studenten/index.html
onderwijsaanbod.kuleuven.be/opleidingen/n,onderwijsaanbod.kuleuven.be/opleidingen/n/SC_51016775.htm
onderwijsaanbod.kuleuven.be/opleidingen/n/CQ_50268901.htm,onderwijsaanbod.kuleuven.be/opleidingen/n/CQ_50268901.htm
www.standaard.be,www.standaard.be/nieuws/sport/atletiek
www.standaard.be/nieuws/sport,www.standaard.be/nieuws/sport/atletiek
www.hln.be,www.hln.be/hln/nl/961/Wetenschap
9gag.com,9gag.com/trending
www.hln.be,www.hln.be/hln/nl/961/Wetenschap
www.kuleuven.be/studeren,www.kuleuven.be/studeren
eng.kuleuven.be/studenten,eng.kuleuven.be/studenten/masterproef/masterproef/index.html
www.kuleuven.be/kuleuven,www.kuleuven.be/kuleuven
www.kuleuven.be/studenten,www.kuleuven.be/studenten
wet.kuleuven.be/studenten/index.html,wet.kuleuven.be/studenten/index.html
onderwijsaanbod.kuleuven.be/opleidingen/n,onderwijsaanbod.kuleuven.be/opleidingen/n/SC_51016775.htm
onderwijsaanbod.kuleuven.be/opleidingen/n/CQ_50268901.htm,onderwijsaanbod.kuleuven.be/opleidingen/n/CQ_50268901.htm
deredactie.be/cm/vrtnieuws,deredactie.be/cm/vrtnieuws/regio/antwerpen
deredactie.be/cm/vrtnieuws/binnenland,deredactie.be/cm/vrtnieuws/binnenland
www.nieuwsblad.be,www.nieuwsblad.be/cnt/dmf20160229_02155576
www.nieuwsblad.be/sportwereld,www.nieuwsblad.be/sportwereld
www.nieuwsblad.be/sportwereld/voetbal,www.nieuwsblad.be/sportwereld/voetbal
www.nieuwsblad.be/sportwereld/voetbal/eerste-klasse,www.nieuwsblad.be/sportwereld/voetbal/eerste-klasse
sporza.be/cm/sporza,sporza.be/cm/sporza/voetbal/Jupiler_Pro_League
sporza.be/cm/sporza/atletiek,sporza.be/cm/sporza/atletiek/WK_atletiek
www.kuleuven.be/kuleuven,www.kuleuven.be/kuleuven
www.kuleuven.be/studeren,www.kuleuven.be/studeren
eng.kuleuven.be/studenten,eng.kuleuven.be/studenten/masterproef/masterproef/index.html
eng.kuleuven.be/studenten/examens-evaluatie-diploma-1/index,eng.kuleuven.be/studenten/examens-evaluatie-diploma-1/index
www.kuleuven.be/kuleuven,www.kuleuven.be/kuleuven
www.kuleuven.be/studenten,www.kuleuven.be/studenten
wet.kuleuven.be/studenten/index.html,wet.kuleuven.be/studenten/index.html
onderwijsaanbod.kuleuven.be/opleidingen/n,onderwijsaanbod.kuleuven.be/opleidingen/n/SC_51016775.htm
onderwijsaanbod.kuleuven.be/opleidingen/n/CQ_50268901.htm,onderwijsaanbod.kuleuven.be/opleidingen/n/CQ_50268901.htm
www.hln.be,www.hln.be/hln/nl/961/Wetenschap
9gag.com,9gag.com/trending
sporza.be/cm/sporza,sporza.be/cm/sporza/voetbal/Jupiler_Pro_League
sporza.be/cm/sporza/voetbal,sporza.be/cm/sporza/voetbal/Jupiler_Pro_League/2.5199
deredactie.be/cm/vrtnieuws,deredactie.be/cm/vrtnieuws/regio/antwerpen
deredactie.be/cm/vrtnieuws/binnenland,deredactie.be/cm/vrtnieuws/binnenland
www.kuleuven.be/kuleuven,www.kuleuven.be/kuleuven
www.kuleuven.be/studenten,www.kuleuven.be/studenten
wet.kuleuven.be/studenten/index.html,wet.kuleuven.be/studenten/index.html
onderwijsaanbod.kuleuven.be/opleidingen/n,onderwijsaanbod.kuleuven.be/opleidingen/n/SC_51016775.htm
onderwijsaanbod.kuleuven.be/opleidingen/n/CQ_50268901.htm,onderwijsaanbod.kuleuven.be/opleidingen/n/CQ_50268901.htm
sporza.be/cm/sporza,sporza.be/cm/sporza/voetbal/Jupiler_Pro_League
sporza.be/cm/sporza/voetbal,sporza.be/cm/sporza/voetbal/Jupiler_Pro_League/2.5199
www.hln.be,www.hln.be/hln/nl/961/Wetenschap
www.hln.be/hln/nl/9090/Voetbal/index.dhtml,www.hln.be/hln/nl/9090/Voetbal/index.dhtml
www.kuleuven.be/kuleuven,www.kuleuven.be/kuleuven
www.kuleuven.be/studenten,www.kuleuven.be/studenten
wet.kuleuven.be/studenten/index.html,wet.kuleuven.be/studenten/index.html
onderwijsaanbod.kuleuven.be/opleidingen/n,onderwijsaanbod.kuleuven.be/opleidingen/n/SC_51016775.htm
onderwijsaanbod.kuleuven.be/opleidingen/n/CQ_50268901.htm,onderwijsaanbod.kuleuven.be/opleidingen/n/CQ_50268901.htm
deredactie.be/cm/vrtnieuws,deredactie.be/cm/vrtnieuws/regio/antwerpen
deredactie.be/cm/vrtnieuws/regio/antwerpen,deredactie.be/cm/vrtnieuws/regio/antwerpen
deredactie.be/cm/vrtnieuws,deredactie.be/cm/vrtnieuws/regio/antwerpen
deredactie.be/cm/vrtnieuws/binnenland,deredactie.be/cm/vrtnieuws/binnenland
sporza.be/cm/sporza,sporza.be/cm/sporza/voetbal/Jupiler_Pro_League
sporza.be/cm/sporza/voetbal,sporza.be/cm/sporza/voetbal/Jupiler_Pro_League/2.5199
sporza.be/cm/sporza/voetbal/Jupiler_Pro_League,sporza.be/cm/sporza/voetbal/Jupiler_Pro_League/2.5199
sporza.be/cm/sporza,sporza.be/cm/sporza/voetbal/Jupiler_Pro_League
sporza.be/cm/sporza/voetbal,sporza.be/cm/sporza/voetbal/Jupiler_Pro_League/2.5199
sporza.be/cm/sporza/videozone/programmas/extratime,sporza.be/cm/sporza/videozone/programmas/extratime
sporza.be/cm/sporza,sporza.be/cm/sporza/voetbal/Jupiler_Pro_League
sporza.be/cm/sporza/voetbal,sporza.be/cm/sporza/voetbal/Jupiler_Pro_League/2.5199
deredactie.be/cm/vrtnieuws/cultuur%2Ben%2Bmedia,deredactie.be/cm/vrtnieuws/cultuur%2Ben%2Bmedia/film
deredactie.be/cm/vrtnieuws/cultuur%2Ben%2Bmedia/film,deredactie.be/cm/vrtnieuws/cultuur%2Ben%2Bmedia/film
www.alma.be/nl,www.alma.be/nl/restaurant/alma-3
www.alma.be/nl/campusarenberg,www.alma.be/nl/campusarenberg
www.quiz-kalender.be,www.quiz-kalender.be/provincie-antwerpen
joglog.azurewebsites.net,joglog.azurewebsites.net/Jogging/List
joglog.azurewebsites.net/Jogging/List,joglog.azurewebsites.net/Jogging/List
joglog.azurewebsites.net/JogLiga,joglog.azurewebsites.net/JogLiga
joglog.azurewebsites.net,joglog.azurewebsites.net/Jogging/List
joglog.azurewebsites.net/JogLiga,joglog.azurewebsites.net/JogLiga
joglog.azurewebsites.net,joglog.azurewebsites.net/Jogging/List
stratenlopen.be,stratenlopen.be/calendar.php
stratenlopen.be,stratenlopen.be/calendar.php
stratenlopen.be,stratenlopen.be/calendar.php
runkeeper.com/home,runkeeper.com/home
runkeeper.com/user/jeffhoremans/profile,runkeeper.com/user/jeffhoremans/profile
runkeeper.com/user/jeffhoremans/fitnessReports/cardio,runkeeper.com/user/jeffhoremans/fitnessReports/cardio
runkeeper.com/home,runkeeper.com/home
sporza.be/cm/sporza,sporza.be/cm/sporza/voetbal/Jupiler_Pro_League
sporza.be/cm/sporza/voetbal,sporza.be/cm/sporza/voetbal/Jupiler_Pro_League/2.5199
sporza.be/cm/sporza/voetbal/Jupiler_Pro_League,sporza.be/cm/sporza/voetbal/Jupiler_Pro_League/2.5199
joglog.azurewebsites.net,joglog.azurewebsites.net/Jogging/List
stratenlopen.be,stratenlopen.be/calendar.php
www.ucll.be/studeren,www.ucll.be/studeren/student-aan-ucll/campussen/campus-hertogstraat/sporthal/sportaanbod-heverlee
www.ucll.be/dienstenvoorstudenten,www.ucll.be/dienstenvoorstudenten
www.ucll.be/studeren/student-aan-ucll/diensten-voor-studenten/diensten-voor-studenten-leuven,www.ucll.be/studeren/student-aan-ucll/diensten-voor-studenten/diensten-voor-studenten-leuven-0/sport-leuven
www.ucll.be/studeren/student-aan-ucll/diensten-voor-studenten/diensten-voor-studenten-leuven-0/sport-leuven,www.ucll.be/studeren/student-aan-ucll/diensten-voor-studenten/diensten-voor-studenten-leuven-0/sport-leuven
www.ucll.be/studeren/student-aan-ucll/campussen/campus-hertogstraat/sporthal/sportaanbod-heverlee,www.ucll.be/studeren/student-aan-ucll/campussen/campus-hertogstraat/sporthal/sportaanbod-heverlee/badminton
www.kuleuven.be/kuleuven,www.kuleuven.be/kuleuven
www.kuleuven.be/sport,www.kuleuven.be/sport/sportaanbod/individuele-sporten/badminton
www.kuleuven.be/sport/sportaanbod/index.htm,www.kuleuven.be/sport/sportaanbod/index.htm
www.worldsnooker.com,www.worldsnooker.com/news
www.worldsnooker.com/news,www.worldsnooker.com/news
www.worldsnooker.com,www.worldsnooker.com/news
cuetracker.net,cuetracker.net/Statistics
cuetracker.net/Statistics,cuetracker.net/Statistics/Centuries/Most-Made/All-time
cuetracker.net/Statistics/Centuries/Most-Made/All-time,cuetracker.net/Statistics/Centuries/Most-Made/All-time
cuetracker.net,cuetracker.net/Statistics
cuetracker.net/Rankings,cuetracker.net/Rankings
sporza.be/cm/sporza,sporza.be/cm/sporza/voetbal/Jupiler_Pro_League
sporza.be/cm/sporza/tennis,sporza.be/cm/sporza/tennis/ranglijsten
sporza.be/cm/sporza,sporza.be/cm/sporza/voetbal/Jupiler_Pro_League
sporza.be/cm/sporza/atletiek,sporza.be/cm/sporza/atletiek/WK_atletiek
sporza.be/cm/sporza,sporza.be/cm/sporza/voetbal/Jupiler_Pro_League
sporza.be/cm/sporza/voetbal,sporza.be/cm/sporza/voetbal/Jupiler_Pro_League/2.5199
sporza.be/cm/sporza/voetbal/Jupiler_Pro_League,sporza.be/cm/sporza/voetbal/Jupiler_Pro_League/2.5199
www.hln.be,www.hln.be/hln/nl/961/Wetenschap
www.hln.be/hln/nl/957/Binnenland/article/detail/2657907/2016/03/25/Video-toont-hoe-politie-kind-weghaalt-bij-neergeschoten-verdachte-in-Schaarbeek.dhtml,www.hln.be/hln/nl/957/Binnenland/article/detail/2657907/2016/03/25/Video-toont-hoe-politie-kind-weghaalt-bij-neergeschoten-verdachte-in-Schaarbeek.dhtml
www.hln.be/regio/nieuws-uit-zemst,www.hln.be/regio/nieuws-uit-zemst/comite-p-onderzoekt-terreurtip-a2657330
www.hln.be/regio/nieuws-uit-zemst/comite-p-onderzoekt-terreurtip-a2657330,www.hln.be/regio/nieuws-uit-zemst/comite-p-onderzoekt-terreurtip-a2657330
doorbraak.be/nl/home,doorbraak.be/nl/home
doorbraak.be/nl/nieuws,doorbraak.be/nl/nieuws/voortschrijdend-inzicht-bij-jo%C3%ABl-de-ceulaer
doorbraak.be/nl/nieuws,doorbraak.be/nl/nieuws/voortschrijdend-inzicht-bij-jo%C3%ABl-de-ceulaer
doorbraak.be/nl/nieuws,doorbraak.be/nl/nieuws/voortschrijdend-inzicht-bij-jo%C3%ABl-de-ceulaer
www.knack.be/nieuws,www.knack.be/nieuws/belgie/man-opgepakt-bij-antiterreuractie-schaarbeek-jambon-een-persoon-uit-politieapparaat-heeft-geblunderd/live-normal-681403.html
www.standaard.be,www.standaard.be/nieuws/sport/atletiek
toledo.kuleuven.be,toledo.kuleuven.be/portal
p.cygnus.cc.kuleuven.be/webapps/blackboard/execute,p.cygnus.cc.kuleuven.be/webapps/blackboard/execute
weather.yahoo.com/belgium/vlaams-brabant/elewyt-(elewijt)-969330,weather.yahoo.com/belgium/vlaams-brabant/elewyt-(elewijt)-969330
weather.yahoo.com/belgium/vlaams-brabant,weather.yahoo.com/belgium/vlaams-brabant/leuven-973505
www.bloomberg.com/europe,www.bloomberg.com/europe
www.bloomberg.com/markets/stocks/world-indexes/americas,www.bloomberg.com/markets/stocks/world-indexes/americas
www.bloomberg.com/markets,www.bloomberg.com/markets/stocks/world-indexes/americas
www.bloomberg.com/quote/TSLA:US,www.bloomberg.com/quote/TSLA:US
mijn.bibliotheek.be/portal/rest/user/dashboard,mijn.bibliotheek.be/portal/rest/user/dashboard
www.hln.be,www.hln.be/hln/nl/961/Wetenschap
www.hln.be,www.hln.be/hln/nl/961/Wetenschap
www.kuleuven.be/kuleuven,www.kuleuven.be/kuleuven
www.kuleuven.be/sport,www.kuleuven.be/sport/sportaanbod/individuele-sporten/badminton
www.kuleuven.be/sport/sportaanbod/index.htm,www.kuleuven.be/sport/sportaanbod/index.htm
www.kuleuven.be/sport/sportaanbod/ploegsporten/frisbee,www.kuleuven.be/sport/sportaanbod/ploegsporten/frisbee
www.kuleuven.be/sport/sportaanbod/index.htm,www.kuleuven.be/sport/sportaanbod/index.htm
www.kuleuven.be/kuleuven,www.kuleuven.be/kuleuven
www.kuleuven.be/sport,www.kuleuven.be/sport/sportaanbod/individuele-sporten/badminton
www.kuleuven.be/sport/sportaanbod/index.htm,www.kuleuven.be/sport/sportaanbod/index.htm
www.kuleuven.be/sport/sportaanbod/individuele-sporten/badminton,www.kuleuven.be/sport/sportaanbod/individuele-sporten/badminton
www.kuleuven.be/kuleuven,www.kuleuven.be/kuleuven
www.kuleuven.be/sport,www.kuleuven.be/sport/sportaanbod/individuele-sporten/badminton
www.westerlo.be,www.westerlo.be
www.westerlo.be/openingsuren-en-sluitingsdagen,www.westerlo.be/openingsuren-en-sluitingsdagen
www.quiz-kalender.be,www.quiz-kalender.be/provincie-antwerpen
www.quizarchief.be,www.quizarchief.be
www.quizarchief.be/speelquiz,www.quizarchief.be/speelquiz
sporza.be/cm/sporza,sporza.be/cm/sporza/voetbal/Jupiler_Pro_League
sporza.be/cm/sporza/wielrennen,sporza.be/cm/sporza/wielrennen
sporza.be/cm/sporza,sporza.be/cm/sporza/voetbal/Jupiler_Pro_League
sporza.be/cm/sporza/voetbal,sporza.be/cm/sporza/voetbal/Jupiler_Pro_League/2.5199
runkeeper.com/home,runkeeper.com/home
runkeeper.com/user/jeffhoremans/profile,runkeeper.com/user/jeffhoremans/profile
joglog.azurewebsites.net,joglog.azurewebsites.net/Jogging/List
stratenlopen.be,stratenlopen.be/calendar.php
stratenlopen.be,stratenlopen.be/calendar.php
joglog.azurewebsites.net,joglog.azurewebsites.net/Jogging/List
www.alma.be/nl,www.alma.be/nl/restaurant/alma-3
www.alma.be/nl/campusarenberg,www.alma.be/nl/campusarenberg
www.worldsnooker.com,www.worldsnooker.com/news
www.worldsnooker.com/news,www.worldsnooker.com/news
deredactie.be/cm/vrtnieuws/cultuur%2Ben%2Bmedia,deredactie.be/cm/vrtnieuws/cultuur%2Ben%2Bmedia/film
deredactie.be/cm/vrtnieuws,deredactie.be/cm/vrtnieuws/regio/antwerpen
deredactie.be/cm/vrtnieuws/buitenland,deredactie.be/cm/vrtnieuws/buitenland/Amerika-kiest
kvcwesterlo.be/a-kern/kalender,kvcwesterlo.be/a-kern/kalender
sporza.be/cm/sporza,sporza.be/cm/sporza/voetbal/Jupiler_Pro_League
sporza.be/cm/sporza/voetbal,sporza.be/cm/sporza/voetbal/Jupiler_Pro_League/2.5199
sporza.be/cm/sporza/voetbal/Jupiler_Pro_League,sporza.be/cm/sporza/voetbal/Jupiler_Pro_League/2.5199
sporza.be/cm/sporza/voetbal/Jupiler_Pro_League/2.5199,sporza.be/cm/sporza/voetbal/Jupiler_Pro_League/2.5199
sporza.be/cm/sporza/voetbal/Jupiler_Pro_League/2.5029,sporza.be/cm/sporza/voetbal/Jupiler_Pro_League/2.5029
sporza.be/cm/sporza,sporza.be/cm/sporza/voetbal/Jupiler_Pro_League
www.ucll.be,www.ucll.be/studeren/student-aan-ucll/campussen/campus-hertogstraat/sporthal/sportaanbod-heverlee
www.ucll.be/studeren,www.ucll.be/studeren/student-aan-ucll/campussen/campus-hertogstraat/sporthal/sportaanbod-heverlee
www.ucll.be/dienstenvoorstudenten,www.ucll.be/dienstenvoorstudenten
www.ucll.be/studeren/student-aan-ucll/diensten-voor-studenten/diensten-voor-studenten-leuven,www.ucll.be/studeren/student-aan-ucll/diensten-voor-studenten/diensten-voor-studenten-leuven-0/sport-leuven
www.ucll.be/studeren/student-aan-ucll/diensten-voor-studenten/diensten-voor-studenten-leuven-0/sport-leuven,www.ucll.be/studeren/student-aan-ucll/diensten-voor-studenten/diensten-voor-studenten-leuven-0/sport-leuven
www.ucll.be/studeren/student-aan-ucll/diensten-voor-studenten/diensten-voor-studenten-leuven-0/sport-leuven,www.ucll.be/studeren/student-aan-ucll/diensten-voor-studenten/diensten-voor-studenten-leuven-0/sport-leuven
www.ucll.be/studeren/student-aan-ucll/campussen/campus-hertogstraat/sporthal,www.ucll.be/studeren/student-aan-ucll/campussen/campus-hertogstraat/sporthal/sportaanbod-heverlee/badminton
www.ucll.be/studeren/student-aan-ucll/campussen/campus-hertogstraat/sporthal/sportaanbod-heverlee,www.ucll.be/studeren/student-aan-ucll/campussen/campus-hertogstraat/sporthal/sportaanbod-heverlee/badminton
deredactie.be/cm/vrtnieuws,deredactie.be/cm/vrtnieuws/regio/antwerpen
deredactie.be/cm/vrtnieuws/cultuur%2Ben%2Bmedia,deredactie.be/cm/vrtnieuws/cultuur%2Ben%2Bmedia/film
deredactie.be/cm/vrtnieuws/cultuur%2Ben%2Bmedia/film,deredactie.be/cm/vrtnieuws/cultuur%2Ben%2Bmedia/film
deredactie.be/cm/vrtnieuws,deredactie.be/cm/vrtnieuws/regio/antwerpen
deredactie.be/cm/vrtnieuws/buitenland,deredactie.be/cm/vrtnieuws/buitenland/Amerika-kiest
sporza.be/cm/sporza,sporza.be/cm/sporza/voetbal/Jupiler_Pro_League
sporza.be/cm/sporza/voetbal,sporza.be/cm/sporza/voetbal/Jupiler_Pro_League/2.5199
sporza.be/cm/sporza/voetbal/Jupiler_Pro_League,sporza.be/cm/sporza/voetbal/Jupiler_Pro_League/2.5199
sporza.be/cm/sporza/videozone/programmas/extratime,sporza.be/cm/sporza/videozone/programmas/extratime
sporza.be/cm/sporza,sporza.be/cm/sporza/voetbal/Jupiler_Pro_League
sporza.be/cm/sporza/voetbal,sporza.be/cm/sporza/voetbal/Jupiler_Pro_League/2.5199
sporza.be/cm/sporza/voetbal/Jupiler_Pro_League,sporza.be/cm/sporza/voetbal/Jupiler_Pro_League/2.5199
runkeeper.com/home,runkeeper.com/home
runkeeper.com/user/jeffhoremans/profile,runkeeper.com/user/jeffhoremans/profile
runkeeper.com/user/jeffhoremans/fitnessReports/cardio,runkeeper.com/user/jeffhoremans/fitnessReports/cardio
joglog.azurewebsites.net,joglog.azurewebsites.net/Jogging/List
joglog.azurewebsites.net/Jogging/List,joglog.azurewebsites.net/Jogging/List
joglog.azurewebsites.net,joglog.azurewebsites.net/Jogging/List
stratenlopen.be,stratenlopen.be/calendar.php
stratenlopen.be,stratenlopen.be/calendar.php
stratenlopen.be/index.php,stratenlopen.be/index.php
stratenlopen.be/calendar.php,stratenlopen.be/calendar.php
stratenlopen.be/index.php,stratenlopen.be/index.php
www.worldsnooker.com,www.worldsnooker.com/news
www.worldsnooker.com/news,www.worldsnooker.com/news
www.worldsnooker.com,www.worldsnooker.com/news
cuetracker.net,cuetracker.net/Statistics
cuetracker.net/Statistics,cuetracker.net/Statistics/Centuries/Most-Made/All-time
cuetracker.net/Statistics/Centuries/Most-Made/All-time,cuetracker.net/Statistics/Centuries/Most-Made/All-time
cuetracker.net,cuetracker.net/Statistics
cuetracker.net/Statistics,cuetracker.net/Statistics/Centuries/Most-Made/All-time
cuetracker.net/Statistics/Tournaments/Won/All-time,cuetracker.net/Statistics/Tournaments/Won/All-time
cuetracker.net,cuetracker.net/Statistics
cuetracker.net/Rankings,cuetracker.net/Rankings
cuetracker.net,cuetracker.net/Statistics
www.quiz-kalender.be,www.quiz-kalender.be/provincie-antwerpen
sporza.be/cm/sporza,sporza.be/cm/sporza/voetbal/Jupiler_Pro_League
sporza.be/cm/sporza/voetbal,sporza.be/cm/sporza/voetbal/Jupiler_Pro_League/2.5199
deredactie.be/cm/vrtnieuws,deredactie.be/cm/vrtnieuws/regio/antwerpen
sporza.be/cm/sporza,sporza.be/cm/sporza/voetbal/Jupiler_Pro_League
sporza.be/cm/sporza/wielrennen,sporza.be/cm/sporza/wielrennen
sporza.be/cm/sporza,sporza.be/cm/sporza/voetbal/Jupiler_Pro_League
sporza.be/cm/sporza/tennis,sporza.be/cm/sporza/tennis/ranglijsten
sporza.be/cm/sporza,sporza.be/cm/sporza/voetbal/Jupiler_Pro_League
sporza.be/cm/sporza/voetbal/Jupiler_Pro_League,sporza.be/cm/sporza/voetbal/Jupiler_Pro_League/2.5199
sporza.be/cm/sporza,sporza.be/cm/sporza/voetbal/Jupiler_Pro_League
sporza.be/cm/sporza/voetbal,sporza.be/cm/sporza/voetbal/Jupiler_Pro_League/2.5199
www.kuleuven.be/kuleuven,www.kuleuven.be/kuleuven
www.kuleuven.be/sport,www.kuleuven.be/sport/sportaanbod/individuele-sporten/badminton
www.kuleuven.be/sport/sportaanbod/index.htm,www.kuleuven.be/sport/sportaanbod/index.htm
