2016-02-29T14:49:58.809Z,load,self-repair.mozilla.org,/en-US/repair/,0.0
2016-02-29T14:50:06.834Z,load,www.nieuwsblad.be,/,0.0
2016-02-29T14:50:25.749Z,click,www.nieuwsblad.be,/,0.0
2016-02-29T14:50:25.757Z,beforeunload,www.nieuwsblad.be,/,0.0
2016-02-29T14:50:26.316Z,load,www.nieuwsblad.be,/regio/startgemeente,0.0
2016-02-29T14:50:42.622Z,click,www.nieuwsblad.be,/regio/startgemeente,0.0
2016-02-29T14:50:42.830Z,beforeunload,www.nieuwsblad.be,/regio/startgemeente,0.0
2016-02-29T14:50:43.925Z,load,www.nieuwsblad.be,/regio/leuven,0.0
2016-02-29T14:51:24.270Z,load,www.nieuwsblad.be,/cnt/dmf20160226_02151558,0.0
2016-02-29T14:52:27.204Z,beforeunload,www.nieuwsblad.be,/cnt/dmf20160226_02151558,0.0
2016-02-29T14:52:45.616Z,load,www.nieuwsblad.be,/cnt/dmf20160226_02151624,0.0
2016-02-29T14:53:05.009Z,beforeunload,www.nieuwsblad.be,/cnt/dmf20160226_02151624,0.0
2016-02-29T14:53:18.896Z,beforeunload,www.nieuwsblad.be,/regio/leuven,0.0
2016-02-29T14:53:38.272Z,load,www.reddit.com,/me/m/all_subs,0.0
2016-02-29T14:53:45.114Z,load,www.reddit.com,/r/ProgrammerHumor,0.0
2016-02-29T14:53:45.955Z,load,www.reddit.com,/r/recruitinghell,0.0
2016-02-29T14:53:51.938Z,load,www.reddit.com,/r/photoshopbattles,0.0
2016-02-29T14:54:02.726Z,load,i.imgur.com,/rZu1XU4.png,0.0
2016-02-29T14:54:07.404Z,beforeunload,i.imgur.com,/rZu1XU4.png,0.0
2016-02-29T14:54:14.741Z,load,i.imgur.com,/VfMw4bu.png,0.0
2016-02-29T14:54:19.860Z,load,imgur.com,/xclQWux,0.0
2016-02-29T14:54:54.545Z,beforeunload,i.imgur.com,/VfMw4bu.png,0.0
2016-02-29T14:55:04.139Z,click,imgur.com,/xclQWux,0.0
2016-02-29T14:55:04.372Z,load,trc.taboola.com,/imgur/log/3,0.0
2016-02-29T14:55:05.201Z,load,www.babbel.com,/en/magazine,0.0
2016-02-29T14:55:04.377Z,beforeunload,trc.taboola.com,/imgur/log/3,0.0
2016-02-29T14:55:06.573Z,beforeunload,imgur.com,/xclQWux,0.0
2016-02-29T14:55:25.043Z,beforeunload,www.babbel.com,/en/magazine,0.0
2016-02-29T14:55:35.557Z,load,i.imgur.com,/bEvQAow.jpg,0.0
2016-02-29T14:55:41.764Z,beforeunload,i.imgur.com,/bEvQAow.jpg,0.0
2016-02-29T14:55:54.533Z,click,www.reddit.com,/r/ProgrammerHumor,0.0
2016-02-29T14:55:54.580Z,beforeunload,www.reddit.com,/r/ProgrammerHumor,0.0
2016-02-29T14:55:57.410Z,load,www.shamusyoung.com,/twentysidedtale,0.0
2016-02-29T14:58:21.866Z,beforeunload,www.shamusyoung.com,/twentysidedtale,0.0
2016-02-29T14:58:24.138Z,beforeunload,www.reddit.com,/me/m/all_subs,0.0
2016-02-29T14:58:59.912Z,load,www.reddit.com,/r/recruitinghell/comments/47ep03/can_you_do_literally_anything_because_were/,0.0
2016-02-29T14:59:09.438Z,beforeunload,www.reddit.com,/r/recruitinghell/comments/47ep03/can_you_do_literally_anything_because_were/,0.0
2016-02-29T14:59:15.552Z,load,i.imgur.com,/3SP5T7M.png,0.0
2016-02-29T14:59:38.889Z,beforeunload,i.imgur.com,/3SP5T7M.png,0.0
2016-02-29T14:59:42.855Z,load,i.imgur.com,/g4pKNOR.jpg,0.0
2016-02-29T14:59:59.570Z,beforeunload,i.imgur.com,/g4pKNOR.jpg,0.0
2016-02-29T15:00:08.950Z,load,imgur.com,/YbIrTHP,0.0
2016-02-29T15:00:19.012Z,click,imgur.com,/YbIrTHP,0.0
2016-02-29T15:00:19.218Z,load,trc.taboola.com,/imgur/log/3,0.0
2016-02-29T15:00:20.539Z,beforeunload,imgur.com,/YbIrTHP,0.0
2016-02-29T15:00:19.224Z,beforeunload,trc.taboola.com,/imgur/log/3,0.0
2016-02-29T15:00:20.566Z,load,www.babbel.com,/en/magazine,0.0
2016-02-29T15:00:24.956Z,beforeunload,www.babbel.com,/en/magazine,0.0
2016-02-29T15:00:29.548Z,load,webdiplomacy.net,/,0.0
2016-02-29T15:00:36.396Z,click,webdiplomacy.net,/,0.0
2016-02-29T15:00:36.898Z,load,webdiplomacy.net,,0.0
2016-02-29T15:00:36.400Z,beforeunload,webdiplomacy.net,/,0.0
2016-02-29T15:00:50.653Z,click,webdiplomacy.net,,0.0
2016-02-29T15:00:51.130Z,load,webdiplomacy.net,,0.0
2016-02-29T15:00:50.659Z,beforeunload,webdiplomacy.net,,0.0
2016-02-29T15:01:42.620Z,beforeunload,webdiplomacy.net,,0.0
2016-02-29T15:01:54.691Z,load,www.reddit.com,/r/recruitinghell/comments/44ows0/why_are_so_much_of_recruiting_hell_from_software/,0.0
2016-02-29T15:03:38.077Z,beforeunload,www.reddit.com,/r/recruitinghell/comments/44ows0/why_are_so_much_of_recruiting_hell_from_software/,0.0
2016-02-29T15:04:05.977Z,load,imgur.com,/6IWVz43,0.0
2016-02-29T15:04:52.847Z,beforeunload,imgur.com,/6IWVz43,0.0
2016-02-29T15:05:00.771Z,click,www.reddit.com,/r/recruitinghell,0.0
2016-02-29T15:05:00.822Z,beforeunload,www.reddit.com,/r/recruitinghell,0.0
2016-02-29T15:05:01.829Z,load,www.reddit.com,/r/recruitinghell/comments/43jc2l/software_developer_the_dream_job/,0.0
2016-02-29T15:06:50.069Z,beforeunload,www.reddit.com,/r/recruitinghell/comments/43jc2l/software_developer_the_dream_job/,0.0
2016-02-29T15:06:58.364Z,load,i.imgur.com,/ExVOByJ.jpg,0.0
2016-02-29T15:07:00.398Z,beforeunload,i.imgur.com,/ExVOByJ.jpg,0.0
2016-02-29T15:07:02.648Z,load,www.reddit.com,/r/photoshopbattles/comments/489tcy/psbattle_a_man_in_smog/,0.0
2016-02-29T15:07:06.617Z,load,i.imgur.com,/NOd4mRV.jpg,0.0
2016-02-29T15:07:07.863Z,load,imgur.com,/yUcBbK9,0.0
2016-02-29T15:07:08.635Z,load,i.imgur.com,/1Q4h53u.jpg,0.0
2016-02-29T15:07:10.193Z,beforeunload,imgur.com,/yUcBbK9,0.0
2016-02-29T15:07:12.215Z,beforeunload,i.imgur.com,/NOd4mRV.jpg,0.0
2016-02-29T15:07:13.791Z,beforeunload,i.imgur.com,/1Q4h53u.jpg,0.0
2016-02-29T15:07:15.239Z,beforeunload,www.reddit.com,/r/photoshopbattles/comments/489tcy/psbattle_a_man_in_smog/,0.0
2016-02-29T15:07:20.904Z,load,i.imgur.com,/CyhDNIF.jpg,0.0
2016-02-29T15:07:21.279Z,load,www.reddit.com,/r/photoshopbattles/comments/483d0f/psbattle_manchester_united_manager_louis_van_gaal/,0.0
2016-02-29T15:07:29.009Z,beforeunload,i.imgur.com,/CyhDNIF.jpg,0.0
2016-02-29T15:07:31.797Z,load,i.imgur.com,/IW62ZmB.jpg,0.0
2016-02-29T15:07:37.814Z,load,imgur.com,/RBW0qhy,0.0
2016-02-29T15:07:39.476Z,load,i.imgur.com,/yfOYthV.png,0.0
2016-02-29T15:07:47.626Z,beforeunload,i.imgur.com,/IW62ZmB.jpg,0.0
2016-02-29T15:07:55.533Z,beforeunload,imgur.com,/RBW0qhy,0.0
2016-02-29T15:07:56.819Z,beforeunload,i.imgur.com,/yfOYthV.png,0.0
2016-02-29T15:08:01.697Z,load,imgur.com,/QN3tUex,0.0
2016-02-29T15:08:03.005Z,beforeunload,imgur.com,/QN3tUex,0.0
2016-02-29T15:08:06.404Z,load,i.imgur.com,/TZTyjcH.jpg,0.0
2016-02-29T15:08:08.604Z,beforeunload,i.imgur.com,/TZTyjcH.jpg,0.0
2016-02-29T15:08:09.419Z,beforeunload,www.reddit.com,/r/photoshopbattles/comments/483d0f/psbattle_manchester_united_manager_louis_van_gaal/,0.0
2016-02-29T15:08:16.395Z,load,webdiplomacy.net,/,0.0
2016-02-29T15:08:19.107Z,click,webdiplomacy.net,/,0.0
2016-02-29T15:08:19.584Z,load,webdiplomacy.net,,0.0
2016-02-29T15:08:19.112Z,beforeunload,webdiplomacy.net,/,0.0
2016-02-29T15:08:21.595Z,click,webdiplomacy.net,,0.0
2016-02-29T15:08:22.004Z,load,webdiplomacy.net,,0.0
2016-02-29T15:08:21.600Z,beforeunload,webdiplomacy.net,,0.0
2016-02-29T15:09:16.913Z,click,webdiplomacy.net,,0.0
2016-02-29T15:09:19.485Z,click,webdiplomacy.net,,0.0
2016-02-29T15:09:20.325Z,click,webdiplomacy.net,,0.0
2016-02-29T15:09:24.525Z,click,webdiplomacy.net,,0.0
2016-02-29T15:09:26.937Z,click,webdiplomacy.net,,0.0
2016-02-29T15:09:50.054Z,beforeunload,webdiplomacy.net,,0.0
2016-02-29T15:10:00.182Z,load,i.imgur.com,/saIoSZF.jpg,0.0
2016-02-29T15:10:03.086Z,load,www.reddit.com,/r/photoshopbattles/comments/482zi9/psbattle_kid_panics_while_kayaking_in_thunderstorm/,0.0
2016-02-29T15:10:04.974Z,beforeunload,i.imgur.com,/saIoSZF.jpg,0.0
2016-02-29T15:10:07.278Z,load,i.imgur.com,/5bw2PtX.jpg,0.0
2016-02-29T15:10:16.885Z,load,i.imgur.com,/Y96ueFP.jpg,0.0
2016-02-29T15:10:18.555Z,load,i.imgur.com,/j8f1Xb9.jpg,0.0
2016-02-29T15:10:20.774Z,load,i.imgur.com,/sCFXgvg.jpg,0.0
2016-02-29T15:10:22.802Z,load,i.imgur.com,/Kzq48An.jpg,0.0
2016-02-29T15:10:27.592Z,beforeunload,i.imgur.com,/5bw2PtX.jpg,0.0
2016-02-29T15:10:29.664Z,beforeunload,i.imgur.com,/Y96ueFP.jpg,0.0
2016-02-29T15:10:38.793Z,beforeunload,i.imgur.com,/j8f1Xb9.jpg,0.0
2016-02-29T15:10:43.617Z,beforeunload,i.imgur.com,/sCFXgvg.jpg,0.0
2016-02-29T15:10:50.538Z,beforeunload,i.imgur.com,/Kzq48An.jpg,0.0
2016-02-29T15:11:14.796Z,beforeunload,www.reddit.com,/r/photoshopbattles/comments/482zi9/psbattle_kid_panics_while_kayaking_in_thunderstorm/,0.0
2016-02-29T15:11:24.305Z,load,i.imgur.com,/lSWpaqG.jpg,0.0
2016-02-29T15:11:25.005Z,click,www.reddit.com,/r/photoshopbattles,0.0
2016-02-29T15:11:25.056Z,beforeunload,www.reddit.com,/r/photoshopbattles,0.0
2016-02-29T15:11:29.145Z,load,www.reddit.com,/r/photoshopbattles/comments/47wzm0/psbattle_kim_jongun_smoking_a_cigarette_in_an/,0.0
2016-02-29T15:11:35.072Z,load,i.imgur.com,/uRSGFKK.jpg,0.0
2016-02-29T15:11:39.531Z,load,imgur.com,/ya5YhiZ,0.0
2016-02-29T15:11:46.115Z,load,i.imgur.com,/GfaLiYy.png,0.0
2016-02-29T15:11:47.312Z,load,i.imgur.com,/QCCYzG6.jpg,0.0
2016-02-29T15:11:47.847Z,load,i.imgur.com,/MzmcDTl.png,0.0
2016-02-29T15:11:48.215Z,load,i.imgur.com,/b0XiMLL.jpg,0.0
2016-02-29T15:11:51.185Z,load,i.imgur.com,/oGawlBU.jpg,0.0
2016-02-29T15:11:52.094Z,click,www.reddit.com,/r/photoshopbattles/comments/47wzm0/psbattle_kim_jongun_smoking_a_cigarette_in_an/,0.0
2016-02-29T15:23:19.346Z,click,webdiplomacy.net,,0.0
2016-02-29T15:23:19.351Z,beforeunload,webdiplomacy.net,,0.0
2016-02-29T15:23:19.785Z,load,webdiplomacy.net,,0.0
2016-02-29T15:23:24.514Z,click,webdiplomacy.net,,0.0
2016-02-29T15:23:24.517Z,beforeunload,webdiplomacy.net,,0.0
2016-02-29T15:23:26.365Z,load,webdiplomacy.net,/,0.0
2016-02-29T15:23:27.123Z,click,webdiplomacy.net,/,0.0
2016-02-29T15:23:27.126Z,beforeunload,webdiplomacy.net,/,0.0
2016-02-29T15:23:27.514Z,load,webdiplomacy.net,,0.0
2016-02-29T15:23:28.435Z,click,webdiplomacy.net,,0.0
2016-02-29T15:23:28.437Z,beforeunload,webdiplomacy.net,,0.0
2016-02-29T15:23:28.910Z,load,webdiplomacy.net,,0.0
2016-02-29T15:23:31.277Z,beforeunload,webdiplomacy.net,,0.0
2016-02-29T15:23:34.380Z,load,www.reddit.com,/me/m/all_subs,0.0
2016-02-29T15:23:45.307Z,load,www.reddit.com,/r/recruitinghell,0.0
2016-02-29T15:23:46.356Z,click,www.reddit.com,/me/m/all_subs,0.0
2016-02-29T15:23:46.383Z,beforeunload,www.reddit.com,/me/m/all_subs,0.0
2016-02-29T15:23:46.672Z,load,www.reddit.com,/r/ProgrammerHumor,0.0
2016-02-29T15:23:47.375Z,load,www.reddit.com,/r/photoshopbattles,0.0
2016-02-29T15:23:56.639Z,load,i.imgur.com,/NnYhYa3.png,0.0
2016-02-29T15:24:18.594Z,beforeunload,i.imgur.com,/NnYhYa3.png,0.0
2016-02-29T15:24:22.765Z,load,twitter.com,/shipilev/status/703176579191410689,0.0
2016-02-29T15:24:56.020Z,beforeunload,twitter.com,/shipilev/status/703176579191410689,0.0
2016-02-29T15:25:12.669Z,click,www.reddit.com,/r/ProgrammerHumor,0.0
2016-02-29T15:25:12.701Z,beforeunload,www.reddit.com,/r/ProgrammerHumor,0.0
2016-02-29T15:25:13.297Z,load,www.commitstrip.com,/en/2016/02/26/how-i-see-recruiters/,0.0
2016-02-29T15:25:47.553Z,beforeunload,www.commitstrip.com,/en/2016/02/26/how-i-see-recruiters/,0.0
2016-02-29T15:25:56.251Z,load,www.reddit.com,/r/recruitinghell/comments/45n7w7/recruiter_what_was_your_salary_at_your_previous/,0.0
2016-02-29T15:26:52.979Z,click,www.reddit.com,/r/recruitinghell/comments/45n7w7/recruiter_what_was_your_salary_at_your_previous/,0.0
2016-02-29T15:27:28.825Z,beforeunload,www.reddit.com,/r/recruitinghell/comments/45n7w7/recruiter_what_was_your_salary_at_your_previous/,0.0
2016-02-29T15:27:43.826Z,click,www.reddit.com,/r/recruitinghell,0.0
2016-02-29T15:27:43.853Z,beforeunload,www.reddit.com,/r/recruitinghell,0.0
2016-02-29T15:27:44.716Z,load,www.reddit.com,/r/recruitinghell/comments/437tt5/you_woke_me_up_for_this/,0.0
2016-02-29T15:27:46.827Z,beforeunload,www.reddit.com,/r/recruitinghell/comments/437tt5/you_woke_me_up_for_this/,0.0
2016-02-29T15:27:57.887Z,load,i.imgur.com,/ciu2FpS.jpg,0.0
2016-02-29T15:27:58.260Z,click,www.reddit.com,/r/photoshopbattles,0.0
2016-02-29T15:27:58.294Z,beforeunload,www.reddit.com,/r/photoshopbattles,0.0
2016-02-29T15:28:00.394Z,load,www.reddit.com,/r/photoshopbattles/comments/488v5v/psbattle_dicaprio_gets_an_oscar_for_best_actor/,0.0
2016-02-29T15:28:01.892Z,beforeunload,i.imgur.com,/ciu2FpS.jpg,0.0
2016-02-29T15:28:04.607Z,load,i.imgur.com,/X4unPdT.jpg,0.0
2016-02-29T15:28:05.027Z,load,i.imgur.com,/D3PYZZ8.jpg,0.0
2016-02-29T15:28:09.312Z,beforeunload,i.imgur.com,/X4unPdT.jpg,0.0
2016-02-29T15:28:17.549Z,beforeunload,i.imgur.com,/D3PYZZ8.jpg,0.0
2016-02-29T15:28:19.322Z,load,i.imgur.com,/wvnQOBq.jpg,0.0
2016-02-29T15:28:20.066Z,load,i.imgur.com,/PiFFSx3.jpg,0.0
2016-02-29T15:28:26.430Z,beforeunload,i.imgur.com,/wvnQOBq.jpg,0.0
2016-02-29T15:28:28.214Z,beforeunload,i.imgur.com,/PiFFSx3.jpg,0.0
2016-02-29T15:28:32.151Z,click,www.reddit.com,/r/photoshopbattles/comments/488v5v/psbattle_dicaprio_gets_an_oscar_for_best_actor/,0.0
2016-02-29T15:28:35.286Z,load,i.imgur.com,/BtXeG5I.jpg,0.0
2016-02-29T15:28:37.759Z,beforeunload,i.imgur.com,/BtXeG5I.jpg,0.0
2016-02-29T15:29:09.133Z,load,i.imgur.com,/N9RNPFX.gifv,0.0
2016-02-29T15:30:03.326Z,beforeunload,i.imgur.com,/N9RNPFX.gifv,0.0
2016-02-29T15:30:16.438Z,click,www.reddit.com,/r/photoshopbattles/comments/488v5v/psbattle_dicaprio_gets_an_oscar_for_best_actor/,0.0
2016-02-29T15:30:16.472Z,beforeunload,www.reddit.com,/r/photoshopbattles/comments/488v5v/psbattle_dicaprio_gets_an_oscar_for_best_actor/,0.0
2016-02-29T15:30:16.713Z,load,i.imgur.com,/Pe7GqAP.jpg,0.0
2016-02-29T15:30:19.080Z,beforeunload,i.imgur.com,/Pe7GqAP.jpg,0.0
2016-02-29T15:30:19.636Z,load,www.reddit.com,/r/photoshopbattles/comments/488v5v/psbattle_dicaprio_gets_an_oscar_for_best_actor/,0.0
2016-02-29T15:30:29.568Z,beforeunload,www.reddit.com,/r/photoshopbattles/comments/488v5v/psbattle_dicaprio_gets_an_oscar_for_best_actor/,0.0
2016-02-29T15:30:36.717Z,load,www.nieuwsblad.be,/,0.0
2016-02-29T15:31:31.097Z,click,www.nieuwsblad.be,/,0.0
2016-02-29T15:31:31.108Z,beforeunload,www.nieuwsblad.be,/,0.0
2016-02-29T15:31:31.752Z,load,www.nieuwsblad.be,/cnt/dmf20160229_02155576,0.0
2016-02-29T15:33:27.232Z,beforeunload,www.nieuwsblad.be,/cnt/dmf20160229_02155576,0.0
2016-02-29T15:33:30.756Z,load,webdiplomacy.net,/,0.0
2016-02-29T15:33:33.991Z,click,webdiplomacy.net,/,0.0
2016-02-29T15:33:33.995Z,beforeunload,webdiplomacy.net,/,0.0
2016-02-29T15:33:34.652Z,load,webdiplomacy.net,,0.0
2016-02-29T15:33:35.823Z,click,webdiplomacy.net,,0.0
2016-02-29T15:33:35.828Z,beforeunload,webdiplomacy.net,,0.0
2016-02-29T15:33:36.272Z,load,webdiplomacy.net,,0.0
2016-02-29T15:33:37.519Z,click,webdiplomacy.net,,0.0
2016-02-29T15:33:37.523Z,beforeunload,webdiplomacy.net,,0.0
2016-02-29T15:33:37.937Z,load,webdiplomacy.net,,0.0
2016-02-29T15:33:40.351Z,click,webdiplomacy.net,,0.0
2016-02-29T15:33:40.355Z,beforeunload,webdiplomacy.net,,0.0
2016-02-29T15:33:41.061Z,load,webdiplomacy.net,,0.0
2016-02-29T15:35:26.414Z,beforeunload,webdiplomacy.net,,0.0
2016-02-29T15:35:26.903Z,load,webdiplomacy.net,,0.0
2016-02-29T15:36:10.972Z,click,webdiplomacy.net,,0.0
2016-02-29T15:36:10.979Z,beforeunload,webdiplomacy.net,,0.0
2016-02-29T15:36:11.697Z,load,webdiplomacy.net,,0.0
2016-02-29T15:36:18.938Z,beforeunload,webdiplomacy.net,,0.0
